date,total_cases,new_cases,new_cases_smoothed,total_deaths,new_deaths,new_deaths_smoothed,positive_rate,days_passed
2020-01-01,0.0,0.0,0.0,0.0,0.0,0.0,0.0,0
2020-01-02,0.0,0.0,0.0,0.0,0.0,0.0,0.0,1
2020-01-03,0.0,0.0,0.0,0.0,0.0,0.0,0.0,2
2020-01-04,0.0,0.0,0.0,0.0,0.0,0.0,0.0,3
2020-01-05,0.0,0.0,0.0,0.0,0.0,0.0,0.0,4
2020-01-06,0.0,0.0,0.0,0.0,0.0,0.0,0.0,5
2020-01-07,0.0,0.0,0.0,0.0,0.0,0.0,0.0,6
2020-01-08,0.0,0.0,0.0,0.0,0.0,0.0,0.0,7
2020-01-09,0.0,0.0,0.0,0.0,0.0,0.0,0.0,8
2020-01-10,0.0,0.0,0.0,0.0,0.0,0.0,0.0,9
2020-01-11,0.0,0.0,0.0,0.0,0.0,0.0,0.0,10
2020-01-12,0.0,0.0,0.0,0.0,0.0,0.0,0.0,11
2020-01-13,0.0,0.0,0.0,0.0,0.0,0.0,0.0,12
2020-01-14,0.0,0.0,0.0,0.0,0.0,0.0,0.0,13
2020-01-15,0.0,0.0,0.0,0.0,0.0,0.0,0.0,14
2020-01-16,0.0,0.0,0.0,0.0,0.0,0.0,0.0,15
2020-01-17,0.0,0.0,0.0,0.0,0.0,0.0,0.0,16
2020-01-18,0.0,0.0,0.0,0.0,0.0,0.0,0.0,17
2020-01-19,0.0,0.0,0.0,0.0,0.0,0.0,0.0,18
2020-01-20,0.0,0.0,0.0,0.0,0.0,0.0,0.0,19
2020-01-21,0.0,0.0,0.0,0.0,0.0,0.0,0.0,20
2020-01-22,0.0,0.0,0.0,0.0,0.0,0.0,0.0,21
2020-01-23,0.0,0.0,0.0,0.0,0.0,0.0,0.0,22
2020-01-24,0.0,0.0,0.0,0.0,0.0,0.0,0.0,23
2020-01-25,0.0,0.0,0.0,0.0,0.0,0.0,0.0,24
2020-01-26,0.0,0.0,0.0,0.0,0.0,0.0,0.0,25
2020-01-27,0.0,0.0,0.0,0.0,0.0,0.0,0.0,26
2020-01-28,0.0,0.0,0.0,0.0,0.0,0.0,0.0,27
2020-01-29,0.0,0.0,0.0,0.0,0.0,0.0,0.0,28
2020-01-30,0.0,0.0,0.0,0.0,0.0,0.0,0.0,29
2020-01-31,0.0,0.0,0.0,0.0,0.0,0.0,0.0,30
2020-02-01,0.0,0.0,0.0,0.0,0.0,0.0,0.0,31
2020-02-02,0.0,0.0,0.0,0.0,0.0,0.0,0.0,32
2020-02-03,0.0,0.0,0.0,0.0,0.0,0.0,0.0,33
2020-02-04,0.0,0.0,0.0,0.0,0.0,0.0,0.0,34
2020-02-05,0.0,0.0,0.0,0.0,0.0,0.0,0.0,35
2020-02-06,0.0,0.0,0.0,0.0,0.0,0.0,0.0,36
2020-02-07,0.0,0.0,0.0,0.0,0.0,0.0,0.0,37
2020-02-08,0.0,0.0,0.0,0.0,0.0,0.0,0.0,38
2020-02-09,0.0,0.0,0.0,0.0,0.0,0.0,0.0,39
2020-02-10,0.0,0.0,0.0,0.0,0.0,0.0,0.0,40
2020-02-11,0.0,0.0,0.0,0.0,0.0,0.0,0.0,41
2020-02-12,0.0,0.0,0.0,0.0,0.0,0.0,0.0,42
2020-02-13,0.0,0.0,0.0,0.0,0.0,0.0,0.0,43
2020-02-14,0.0,0.0,0.0,0.0,0.0,0.0,0.0,44
2020-02-15,0.0,0.0,0.0,0.0,0.0,0.0,0.0,45
2020-02-16,0.0,0.0,0.0,0.0,0.0,0.0,0.0,46
2020-02-17,0.0,0.0,0.0,0.0,0.0,0.0,0.0,47
2020-02-18,0.0,0.0,0.0,0.0,0.0,0.0,0.0,48
2020-02-19,0.0,0.0,0.0,0.0,0.0,0.0,0.0,49
2020-02-20,0.0,0.0,0.0,0.0,0.0,0.0,0.0,50
2020-02-21,0.0,0.0,0.0,0.0,0.0,0.0,0.0,51
2020-02-22,0.0,0.0,0.0,0.0,0.0,0.0,0.0,52
2020-02-23,0.0,0.0,0.0,0.0,0.0,0.0,0.0,53
2020-02-24,0.0,0.0,0.0,0.0,0.0,0.0,0.0,54
2020-02-25,0.0,0.0,0.0,0.0,0.0,0.0,0.0,55
2020-02-26,1.0,1.0,0.0,0.0,0.0,0.0,0.0,56
2020-02-27,1.0,0.0,0.0,0.0,0.0,0.0,0.0,57
2020-02-28,1.0,0.0,0.0,0.0,0.0,0.0,0.0,58
2020-02-29,2.0,1.0,0.0,0.0,0.0,0.0,0.0,59
2020-03-01,2.0,0.0,0.0,0.0,0.0,0.0,0.0,60
2020-03-02,2.0,0.0,0.286,0.0,0.0,0.0,0.0,61
2020-03-03,2.0,0.0,0.286,0.0,0.0,0.0,0.0,62
2020-03-04,4.0,2.0,0.429,0.0,0.0,0.0,0.0,63
2020-03-05,4.0,0.0,0.429,0.0,0.0,0.0,0.0,64
2020-03-06,13.0,9.0,1.714,0.0,0.0,0.0,0.0,65
2020-03-07,13.0,0.0,1.571,0.0,0.0,0.0,0.0,66
2020-03-08,20.0,7.0,2.571,0.0,0.0,0.0,0.0,67
2020-03-09,25.0,5.0,3.286,0.0,0.0,0.0,0.0,68
2020-03-10,31.0,6.0,4.143,0.0,0.0,0.0,0.0,69
2020-03-11,38.0,7.0,4.857,0.0,0.0,0.0,0.0,70
2020-03-12,52.0,14.0,6.857,0.0,0.0,0.0,0.0,71
2020-03-13,151.0,99.0,19.714,0.0,0.0,0.0,0.0,72
2020-03-14,151.0,0.0,19.714,0.0,0.0,0.0,0.0,73
2020-03-15,162.0,11.0,20.286,0.0,0.0,0.0,0.0,74
2020-03-16,200.0,38.0,25.0,0.0,0.0,0.0,0.0,75
2020-03-17,321.0,121.0,41.429,1.0,1.0,0.143,0.0,76
2020-03-18,372.0,51.0,47.714,3.0,2.0,0.429,0.0,77
2020-03-19,621.0,249.0,81.286,6.0,3.0,0.857,0.0,78
2020-03-20,793.0,172.0,91.714,11.0,5.0,1.571,0.0,79
2020-03-21,1021.0,228.0,124.286,15.0,4.0,2.143,0.0,80
2020-03-22,1546.0,525.0,197.714,25.0,10.0,3.571,0.0,81
2020-03-23,1924.0,378.0,246.286,34.0,9.0,4.857,0.0,82
2020-03-24,2247.0,323.0,275.143,46.0,12.0,6.429,0.0,83
2020-03-25,2554.0,307.0,311.714,59.0,13.0,8.0,0.0,84
2020-03-26,2985.0,431.0,337.714,77.0,18.0,10.143,0.0,85
2020-03-27,3417.0,432.0,374.857,92.0,15.0,11.571,0.0,86
2020-03-28,3904.0,487.0,411.857,111.0,19.0,13.714,0.0,87
2020-03-29,4256.0,352.0,387.143,136.0,25.0,15.857,0.0,88
2020-03-30,4579.0,323.0,379.286,159.0,23.0,17.857,0.0,89
2020-03-31,5717.0,1138.0,495.714,201.0,42.0,22.143,0.0,90
2020-04-01,6836.0,1119.0,611.714,240.0,39.0,25.857,0.0,91
2020-04-02,8044.0,1208.0,722.714,324.0,84.0,35.286,0.0,92
2020-04-03,9056.0,1012.0,805.571,359.0,35.0,38.143,0.0,93
2020-04-04,10360.0,1304.0,922.286,445.0,86.0,47.714,0.0,94
2020-04-05,11130.0,770.0,982.0,486.0,41.0,50.0,0.0,95
2020-04-06,12161.0,1031.0,1083.143,564.0,78.0,57.857,0.0,96
2020-04-07,14034.0,1873.0,1188.143,686.0,122.0,69.286,0.0,97
2020-04-08,16170.0,2136.0,1333.429,819.0,133.0,82.714,0.0,98
2020-04-09,18092.0,1922.0,1435.429,950.0,131.0,89.429,0.0,99
2020-04-10,19638.0,1546.0,1511.714,1057.0,107.0,99.714,0.0,100
2020-04-11,20727.0,1089.0,1481.0,1124.0,67.0,97.0,0.0,101
2020-04-12,22192.0,1465.0,1580.286,1223.0,99.0,105.286,0.0,102
2020-04-13,23430.0,1238.0,1609.857,1328.0,105.0,109.143,0.0,103
2020-04-14,25262.0,1832.0,1604.0,1532.0,204.0,120.857,0.0,104
2020-04-15,28320.0,3058.0,1735.714,1736.0,204.0,131.0,0.0,105
2020-04-16,30425.0,2105.0,1761.857,1924.0,188.0,139.143,0.0,106
2020-04-17,33682.0,3257.0,2006.286,2141.0,217.0,154.857,0.0,107
2020-04-18,36658.0,2976.0,2275.857,2354.0,213.0,175.714,0.0,108
2020-04-19,38654.0,1996.0,2351.714,2462.0,108.0,177.0,0.0,109
2020-04-20,40743.0,2089.0,2473.286,2587.0,125.0,179.857,0.0,110
2020-04-21,43079.0,2336.0,2545.286,2741.0,154.0,172.714,0.0,111
2020-04-22,45757.0,2678.0,2491.0,2906.0,165.0,167.143,0.0,112
2020-04-23,50036.0,4279.0,2801.571,3331.0,425.0,201.0,0.0,113
2020-04-24,54043.0,4007.0,2908.714,3704.0,373.0,223.286,0.0,114
2020-04-25,59324.0,5281.0,3238.0,4057.0,353.0,243.286,0.0,115
2020-04-26,63100.0,3776.0,3492.286,4286.0,229.0,260.571,0.0,116
2020-04-27,67446.0,4346.0,3814.714,4603.0,317.0,288.0,0.0,117
2020-04-28,73235.0,5789.0,4308.0,5083.0,480.0,334.571,0.0,118
2020-04-29,79685.0,6450.0,4846.857,5513.0,430.0,372.429,0.0,119
2020-04-30,87187.0,7502.0,5307.286,6006.0,493.0,382.143,0.0,120
2020-05-01,92202.0,5015.0,5451.286,6412.0,406.0,386.857,0.0,121
2020-05-02,97100.0,4898.0,5396.571,6761.0,349.0,386.286,0.0,122
2020-05-03,101826.0,4726.0,5532.286,7051.0,290.0,395.0,0.0,123
2020-05-04,108620.0,6794.0,5882.0,7367.0,316.0,394.857,0.0,124
2020-05-05,115455.0,6835.0,6031.429,7938.0,571.0,407.857,0.0,125
2020-05-06,126611.0,11156.0,6703.714,8588.0,650.0,439.286,0.0,126
2020-05-07,135773.0,9162.0,6940.857,9190.0,602.0,454.857,0.0,127
2020-05-08,146894.0,11121.0,7813.143,10017.0,827.0,515.0,0.0,128
2020-05-09,156061.0,9167.0,8423.0,10656.0,639.0,556.429,0.0,129
2020-05-10,162699.0,6638.0,8696.143,11123.0,467.0,581.714,0.0,130
2020-05-11,169594.0,6895.0,8710.571,11653.0,530.0,612.286,0.0,131
2020-05-12,178214.0,8620.0,8965.571,12461.0,808.0,646.143,0.0,132
2020-05-13,190137.0,11923.0,9075.143,13240.0,779.0,664.571,0.0,133
2020-05-14,203165.0,13028.0,9627.429,13999.0,759.0,687.0,0.0,134
2020-05-15,220291.0,17126.0,10485.286,14962.0,963.0,706.429,0.0,135
2020-05-16,233511.0,13220.0,11064.286,15662.0,700.0,715.143,0.0,136
2020-05-17,241080.0,7569.0,11197.286,16118.0,456.0,713.571,0.0,137
2020-05-18,255368.0,14288.0,12253.429,16853.0,735.0,742.857,0.0,138
2020-05-19,271885.0,16517.0,13381.571,17983.0,1130.0,788.857,0.0,139
2020-05-20,294624.0,22739.0,14926.714,19059.0,1076.0,831.286,0.0,140
2020-05-21,312761.0,18137.0,15656.571,20128.0,1069.0,875.571,0.0,141
2020-05-22,334568.0,21807.0,16325.286,21159.0,1031.0,885.286,0.0,142
2020-05-23,351565.0,16997.0,16864.857,22205.0,1046.0,934.714,0.0,143
2020-05-24,366033.0,14468.0,17850.429,22863.0,658.0,963.571,0.0,144
2020-05-25,378840.0,12807.0,17638.857,23590.0,727.0,962.429,0.0,145
2020-05-26,395167.0,16327.0,17611.714,24644.0,1054.0,951.571,0.0,146
2020-05-27,415366.0,20199.0,17248.857,25705.0,1061.0,949.429,0.0,147
2020-05-28,443703.0,28337.0,18706.0,26895.0,1190.0,966.714,0.0,148
2020-05-29,470593.0,26890.0,19432.143,28032.0,1137.0,981.857,0.0,149
2020-05-30,502914.0,32321.0,21621.286,28896.0,864.0,955.857,0.0,150
2020-05-31,516137.0,13223.0,21443.429,29367.0,471.0,929.143,0.0,151
2020-06-01,531286.0,15149.0,21778.0,30108.0,741.0,931.143,0.0,152
2020-06-02,562963.0,31677.0,23970.857,31473.0,1365.0,975.571,0.0,153
2020-06-03,589048.0,26085.0,24811.714,32667.0,1194.0,994.571,0.0,154
2020-06-04,621002.0,31954.0,25328.429,34177.0,1510.0,1040.286,0.0,155
2020-06-05,653103.0,32101.0,26072.857,35253.0,1076.0,1031.571,0.0,156
2020-06-06,676893.0,23790.0,24854.143,36054.0,801.0,1022.571,0.0,157
2020-06-07,694881.0,17988.0,25534.857,36530.0,476.0,1023.286,0.0,158
2020-06-08,712219.0,17338.0,25847.571,37393.0,863.0,1040.714,0.0,159
2020-06-09,743917.0,31698.0,25850.571,38586.0,1193.0,1016.143,0.0,160
2020-06-10,777707.0,33790.0,26951.286,39824.0,1238.0,1022.429,0.0,161
2020-06-11,806399.0,28692.0,26485.286,41092.0,1268.0,987.857,0.0,162
2020-06-12,830681.0,24282.0,25368.286,41935.0,843.0,954.571,0.0,163
2020-06-13,851911.0,21230.0,25002.571,42792.0,857.0,962.571,0.0,164
2020-06-14,868705.0,16794.0,24832.0,43426.0,634.0,985.143,0.0,165
2020-06-15,893322.0,24617.0,25871.857,44190.0,764.0,971.0,0.0,166
2020-06-16,930305.0,36983.0,26626.857,45522.0,1332.0,990.857,0.0,167
2020-06-17,961230.0,30925.0,26217.571,46707.0,1185.0,983.286,0.0,168
2020-06-18,986750.0,25520.0,25764.429,47946.0,1239.0,979.143,0.0,169
2020-06-19,1042809.0,56059.0,30304.0,49118.0,1172.0,1026.143,0.0,170
2020-06-20,1106332.0,63523.0,36345.857,50100.0,982.0,1044.0,0.0,171
2020-06-21,1086536.0,-19796.0,31118.714,50683.0,583.0,1036.714,0.0,172
2020-06-22,1114728.0,28192.0,31629.429,51445.0,762.0,1036.429,0.0,173
2020-06-23,1154255.0,39527.0,31992.857,52851.0,1406.0,1047.0,0.0,174
2020-06-24,1195288.0,41033.0,33436.857,53955.0,1104.0,1035.429,0.0,175
2020-06-25,1236752.0,41464.0,35714.571,55135.0,1180.0,1027.0,0.0,176
2020-06-26,1281636.0,44884.0,34118.143,56128.0,993.0,1001.429,0.0,177
2020-06-27,1318556.0,36920.0,30317.714,57159.0,1031.0,1008.429,0.0,178
2020-06-28,1351439.0,32883.0,37843.286,57753.0,594.0,1010.0,0.0,179
2020-06-29,1372989.0,21550.0,36894.429,58475.0,722.0,1004.286,0.0,180
2020-06-30,1412669.0,39680.0,36916.286,59792.0,1317.0,991.571,0.0,181
2020-07-01,1459494.0,46825.0,37743.714,60878.0,1086.0,989.0,0.0,182
2020-07-02,1503895.0,44401.0,38163.286,62137.0,1259.0,1000.286,0.0,183
2020-07-03,1546935.0,43040.0,37899.857,63350.0,1213.0,1031.714,0.0,184
2020-07-04,1580502.0,33567.0,37420.857,64410.0,1060.0,1035.857,0.0,185
2020-07-05,1605695.0,25193.0,36322.286,64968.0,558.0,1030.714,0.0,186
2020-07-06,1630149.0,24454.0,36737.143,65653.0,685.0,1025.429,0.0,187
2020-07-07,1676848.0,46699.0,37739.857,66953.0,1300.0,1023.0,0.0,188
2020-07-08,1722098.0,45250.0,37514.857,68126.0,1173.0,1035.429,0.0,189
2020-07-09,1765060.0,42962.0,37309.286,69348.0,1222.0,1030.143,0.0,190
2020-07-10,1809371.0,44311.0,37490.857,70646.0,1298.0,1042.286,0.0,191
2020-07-11,1844318.0,34947.0,37688.0,71578.0,932.0,1024.0,0.0,192
2020-07-12,1867976.0,23658.0,37468.714,72195.0,617.0,1032.429,0.0,193
2020-07-13,1890869.0,22893.0,37245.714,73030.0,835.0,1053.857,0.0,194
2020-07-14,1933791.0,42922.0,36706.143,74324.0,1294.0,1053.0,0.0,195
2020-07-15,1973933.0,40142.0,35976.429,75604.0,1280.0,1068.286,0.0,196
2020-07-16,2017616.0,43683.0,36079.429,76903.0,1299.0,1079.286,0.0,197
2020-07-17,2052234.0,34618.0,34694.714,78026.0,1123.0,1054.286,0.0,198
2020-07-18,2077987.0,25753.0,33381.286,78870.0,844.0,1041.714,0.0,199
2020-07-19,2101399.0,23412.0,33346.143,79578.0,708.0,1054.714,0.0,200
2020-07-20,2124152.0,22753.0,33326.143,80346.0,768.0,1045.143,0.0,201
2020-07-21,2171079.0,46927.0,33898.286,81663.0,1317.0,1048.429,0.0,202
2020-07-22,2237229.0,66150.0,37613.714,82959.0,1296.0,1050.714,0.0,203
2020-07-23,2294555.0,57326.0,39562.714,84272.0,1313.0,1052.714,0.0,204
2020-07-24,2351458.0,56903.0,42746.286,85437.0,1165.0,1058.714,0.0,205
2020-07-25,2398993.0,47535.0,45858.0,86536.0,1099.0,1095.143,0.0,206
2020-07-26,2421666.0,22673.0,45752.429,87117.0,581.0,1077.0,0.0,207
2020-07-27,2449677.0,28011.0,46503.571,87802.0,685.0,1065.143,0.0,208
2020-07-28,2503681.0,54004.0,47514.571,89060.0,1258.0,1056.714,0.0,209
2020-07-29,2559132.0,55451.0,45986.143,90259.0,1199.0,1042.857,0.0,210
2020-07-30,2617187.0,58055.0,46090.286,91461.0,1202.0,1027.0,0.0,211
2020-07-31,2670451.0,53264.0,45570.429,92728.0,1267.0,1041.571,0.0,212
2020-08-01,2711992.0,41541.0,44714.143,93669.0,941.0,1019.0,0.0,213
2020-08-02,2736058.0,24066.0,44913.143,94193.0,524.0,1010.857,0.0,214
2020-08-03,2756164.0,20106.0,43783.857,94795.0,602.0,999.0,0.0,215
2020-08-04,2812447.0,56283.0,44109.429,96153.0,1358.0,1013.286,0.0,216
2020-08-05,2868616.0,56169.0,44212.0,97519.0,1366.0,1037.143,0.0,217
2020-08-06,2922605.0,53989.0,43631.143,98745.0,1226.0,1040.571,0.0,218
2020-08-07,2972008.0,49403.0,43079.571,99830.0,1085.0,1014.571,0.0,219
2020-08-08,3018397.0,46389.0,43772.143,100657.0,827.0,998.286,0.0,220
2020-08-09,3041127.0,22730.0,43581.286,101226.0,569.0,1004.714,0.0,221
2020-08-10,3067633.0,26506.0,44495.571,102015.0,789.0,1031.429,0.0,222
2020-08-11,3118153.0,50520.0,43672.286,103209.0,1194.0,1008.0,0.0,223
2020-08-12,3173107.0,54954.0,43498.714,104393.0,1184.0,982.0,0.0,224
2020-08-13,3233820.0,60713.0,44459.286,105635.0,1242.0,984.286,0.0,225
2020-08-14,3283227.0,49407.0,44459.857,106642.0,1007.0,973.143,0.0,226
2020-08-15,3320108.0,36881.0,43101.571,107365.0,723.0,958.286,0.0,227
2020-08-16,3343114.0,23006.0,43141.0,107952.0,587.0,960.857,0.0,228
2020-08-17,3367511.0,24397.0,42839.714,108748.0,796.0,961.857,0.0,229
2020-08-18,3416775.0,49264.0,42660.286,110100.0,1352.0,984.429,0.0,230
2020-08-19,3465378.0,48603.0,41753.0,111263.0,1163.0,981.429,0.0,231
2020-08-20,3508352.0,42974.0,39218.857,112500.0,1237.0,980.714,0.0,232
2020-08-21,3540678.0,32326.0,36778.714,113551.0,1051.0,987.0,0.0,233
2020-08-22,3586586.0,45908.0,38068.286,114379.0,828.0,1002.0,0.0,234
2020-08-23,3608459.0,21873.0,37906.429,114834.0,455.0,983.143,0.0,235
2020-08-24,3631972.0,23513.0,37780.143,115557.0,723.0,972.714,0.0,236
2020-08-25,3678279.0,46307.0,37357.714,116760.0,1203.0,951.429,0.0,237
2020-08-26,3726431.0,48152.0,37293.286,117839.0,1079.0,939.429,0.0,238
2020-08-27,3768691.0,42260.0,37191.286,118824.0,985.0,903.429,0.0,239
2020-08-28,3812779.0,44088.0,38871.571,119673.0,849.0,874.571,0.0,240
2020-08-29,3850070.0,37291.0,37640.571,120570.0,897.0,884.429,0.0,241
2020-08-30,3864604.0,14534.0,36592.143,120971.0,401.0,876.714,0.0,242
2020-08-31,3914829.0,50225.0,40408.143,121618.0,647.0,865.857,0.0,243
2020-09-01,3959158.0,44329.0,40125.571,122768.0,1150.0,858.286,0.0,244
2020-09-02,4005611.0,46453.0,39882.857,123972.0,1204.0,876.143,0.0,245
2020-09-03,4052420.0,46809.0,40532.714,124839.0,867.0,859.286,0.0,246
2020-09-04,4091959.0,39539.0,39882.857,125688.0,849.0,859.286,0.0,247
2020-09-05,4125816.0,33857.0,39392.286,126292.0,604.0,817.429,0.0,248
2020-09-06,4140488.0,14672.0,39412.0,126750.0,458.0,825.571,0.0,249
2020-09-07,4150004.0,9516.0,33596.429,127070.0,320.0,778.857,0.0,250
2020-09-08,4168790.0,18786.0,29947.429,127595.0,525.0,689.571,0.0,251
2020-09-09,4205877.0,37087.0,28609.429,128752.0,1157.0,682.857,0.0,252
2020-09-10,4246638.0,40761.0,27745.429,129726.0,974.0,698.143,0.0,253
2020-09-11,4288171.0,41533.0,28030.286,130574.0,848.0,698.0,0.0,254
2020-09-12,4318971.0,30800.0,27593.571,131341.0,767.0,721.286,0.0,255
2020-09-13,4332991.0,14020.0,27500.429,131746.0,405.0,713.714,0.0,256
2020-09-14,4353602.0,20611.0,29085.429,132204.0,458.0,733.429,0.0,257
2020-09-15,4388154.0,34552.0,31337.714,133286.0,1082.0,813.0,0.0,258
2020-09-16,4425451.0,37297.0,31367.714,134248.0,962.0,785.143,0.0,259
2020-09-17,4461856.0,36405.0,30745.429,135117.0,869.0,770.143,0.0,260
2020-09-18,4501587.0,39731.0,30488.0,135945.0,828.0,767.286,0.0,261
2020-09-19,4531145.0,29558.0,30310.571,136626.0,681.0,755.0,0.0,262
2020-09-20,4546587.0,15442.0,30513.714,136977.0,351.0,747.286,0.0,263
2020-09-21,4564222.0,17635.0,30088.571,137443.0,466.0,748.429,0.0,264
2020-09-22,4599189.0,34967.0,30147.857,138237.0,794.0,707.286,0.0,265
2020-09-23,4631915.0,32726.0,29494.857,139169.0,932.0,703.0,0.0,266
2020-09-24,4663930.0,32015.0,28867.714,139964.0,795.0,692.429,0.0,267
2020-09-25,4696240.0,32310.0,27807.571,140786.0,822.0,691.571,0.0,268
2020-09-26,4720958.0,24718.0,27116.143,141508.0,722.0,697.429,0.0,269
2020-09-27,4734745.0,13787.0,26879.714,141847.0,339.0,695.714,0.0,270
2020-09-28,4751616.0,16871.0,26770.571,142238.0,391.0,685.0,0.0,271
2020-09-29,4784464.0,32848.0,26467.857,143096.0,858.0,694.143,0.0,272
2020-09-30,4817365.0,32901.0,26492.857,144078.0,982.0,701.286,0.0,273
2020-10-01,4853148.0,35783.0,27031.143,144851.0,773.0,698.143,0.0,274
2020-10-02,4885966.0,32818.0,27103.714,145505.0,654.0,674.143,0.0,275
2020-10-03,4908974.0,23008.0,26859.429,146093.0,588.0,655.0,0.0,276
2020-10-04,4917689.0,8715.0,26134.857,146451.0,358.0,657.714,0.0,277
2020-10-05,4943742.0,26053.0,27446.571,146844.0,393.0,658.0,0.0,278
2020-10-06,4975268.0,31526.0,27257.714,147654.0,810.0,651.143,0.0,279
2020-10-07,5006206.0,30938.0,26977.286,148379.0,725.0,614.429,0.0,280
2020-10-08,5033036.0,26830.0,25698.286,149114.0,735.0,609.0,0.0,281
2020-10-09,5060769.0,27733.0,24971.857,149768.0,654.0,609.0,0.0,282
2020-10-10,5084513.0,23744.0,25077.0,150302.0,534.0,601.286,0.0,283
2020-10-11,5096704.0,12191.0,25573.571,150580.0,278.0,589.857,0.0,284
2020-10-12,5105340.0,8636.0,23085.429,150774.0,194.0,561.429,0.0,285
2020-10-13,5118699.0,13359.0,20490.143,151152.0,378.0,499.714,0.0,286
2020-10-14,5146543.0,27844.0,20048.143,151884.0,732.0,500.714,0.0,287
2020-10-15,5176969.0,30426.0,20561.857,152698.0,814.0,512.0,0.0,288
2020-10-16,5205565.0,28596.0,20685.143,153341.0,643.0,510.429,0.0,289
2020-10-17,5226341.0,20776.0,20261.143,153756.0,415.0,493.429,0.0,290
2020-10-18,5238392.0,12051.0,20241.143,153991.0,235.0,487.286,0.0,291
2020-10-19,5254971.0,16579.0,21375.857,154317.0,326.0,506.143,0.0,292
2020-10-20,5278737.0,23766.0,22862.571,154965.0,648.0,544.714,0.0,293
2020-10-21,5304593.0,25856.0,22578.571,155536.0,571.0,521.714,0.0,294
2020-10-22,5329357.0,24764.0,21769.714,156041.0,505.0,477.571,0.0,295
2020-10-23,5359358.0,30001.0,21970.429,156604.0,563.0,466.143,0.0,296
2020-10-24,5384342.0,24984.0,22571.571,156991.0,387.0,462.143,0.0,297
2020-10-25,5396596.0,12254.0,22600.571,157224.0,233.0,461.857,0.0,298
2020-10-26,5415207.0,18611.0,22890.857,157526.0,302.0,458.429,0.0,299
2020-10-27,5445189.0,29982.0,23778.857,158052.0,526.0,441.0,0.0,300
2020-10-28,5473540.0,28351.0,24135.286,158556.0,504.0,431.429,0.0,301
2020-10-29,5500240.0,26700.0,24411.857,159107.0,551.0,438.0,0.0,302
2020-10-30,5524593.0,24353.0,23605.0,159680.0,573.0,439.429,0.0,303
2020-10-31,5537763.0,13170.0,21917.286,159972.0,292.0,425.857,0.0,304
2020-11-01,5547951.0,10188.0,21622.143,160175.0,203.0,421.571,0.0,305
2020-11-02,5556200.0,8249.0,20141.857,160340.0,165.0,402.0,0.0,306
2020-11-03,5570782.0,14582.0,17941.857,160628.0,288.0,368.0,0.0,307
2020-11-04,5594098.0,23316.0,17222.571,161246.0,618.0,384.286,0.0,308
2020-11-05,5617943.0,23845.0,16814.714,161849.0,603.0,391.714,0.0,309
2020-11-06,5638143.0,20200.0,16221.429,162120.0,271.0,348.571,0.0,310
2020-11-07,5655887.0,17744.0,16874.857,162348.0,228.0,339.429,0.0,311
2020-11-08,5666389.0,10502.0,16919.714,162538.0,190.0,337.571,0.0,312
2020-11-09,5679803.0,13414.0,17657.571,162724.0,186.0,340.571,0.0,313
2020-11-10,5726227.0,46424.0,22206.429,162922.0,198.0,327.714,0.0,314
2020-11-11,5752474.0,26247.0,22625.143,163496.0,574.0,321.429,0.0,315
2020-11-12,5786393.0,33919.0,24064.286,164429.0,933.0,368.571,0.0,316
2020-11-13,5825111.0,38718.0,26709.714,165005.0,576.0,412.143,0.0,317
2020-11-14,5851389.0,26278.0,27928.857,165739.0,734.0,484.429,0.0,318
2020-11-15,5865295.0,13906.0,28415.143,165879.0,140.0,477.286,0.0,319
2020-11-16,5881039.0,15744.0,28748.0,166136.0,257.0,487.429,0.0,320
2020-11-17,5916529.0,35490.0,27186.0,166814.0,678.0,556.0,0.0,321
2020-11-18,5951281.0,34752.0,28401.0,167568.0,754.0,581.714,0.0,322
2020-11-19,5987143.0,35862.0,28678.571,168218.0,650.0,541.286,0.0,323
2020-11-20,6025913.0,38770.0,28686.0,168731.0,513.0,532.286,0.0,324
2020-11-21,6056135.0,30222.0,29249.429,169088.0,357.0,478.429,0.0,325
2020-11-22,6074061.0,17926.0,29823.714,169266.0,178.0,483.857,0.0,326
2020-11-23,6092219.0,18158.0,30168.571,169621.0,355.0,497.857,0.0,327
2020-11-24,6126752.0,34533.0,30031.857,170248.0,627.0,490.571,0.0,328
2020-11-25,6171380.0,44628.0,31442.714,170871.0,623.0,471.857,0.0,329
2020-11-26,6212265.0,40885.0,32160.286,171581.0,710.0,480.429,0.0,330
2020-11-27,6245773.0,33508.0,31408.571,172140.0,559.0,487.0,0.0,331
2020-11-28,6297258.0,51485.0,34446.143,172684.0,544.0,513.714,0.0,332
2020-11-29,6318270.0,21012.0,34887.0,172917.0,233.0,521.571,0.0,333
2020-11-30,6341965.0,23695.0,35678.0,173268.0,351.0,521.0,0.0,334
2020-12-01,6393950.0,51985.0,38171.143,173953.0,685.0,529.286,0.0,335
2020-12-02,6442425.0,48475.0,38720.714,174632.0,679.0,537.286,0.0,336
2020-12-03,6492564.0,50139.0,40042.714,175393.0,761.0,544.571,0.0,337
2020-12-04,6540235.0,47671.0,42066.0,176071.0,678.0,561.571,0.0,338
2020-12-05,6580517.0,40282.0,40465.571,176718.0,647.0,576.286,0.0,339
2020-12-06,6606947.0,26430.0,41239.571,177058.0,340.0,591.571,0.0,340
2020-12-07,6633971.0,27024.0,41715.143,177483.0,425.0,602.143,0.0,341
2020-12-08,6681767.0,47796.0,41116.714,178281.0,798.0,618.286,0.0,342
2020-12-09,6736358.0,54591.0,41990.429,179134.0,853.0,643.143,0.0,343
2020-12-10,6789908.0,53550.0,42477.714,179903.0,769.0,644.286,0.0,344
2020-12-11,6842458.0,52550.0,43174.714,180564.0,661.0,641.857,0.0,345
2020-12-12,6884782.0,42324.0,43466.429,181241.0,677.0,646.143,0.0,346
2020-12-13,6906811.0,22029.0,42837.714,181536.0,295.0,639.714,0.0,347
2020-12-14,6934191.0,27380.0,42888.571,182049.0,513.0,652.286,0.0,348
2020-12-15,6982223.0,48032.0,42922.286,182983.0,934.0,671.714,0.0,349
2020-12-16,7048347.0,66124.0,44569.857,183924.0,941.0,684.286,0.0,350
2020-12-17,7117046.0,68699.0,46734.0,184985.0,1061.0,726.0,0.0,351
2020-12-18,7169899.0,52853.0,46777.286,185802.0,817.0,748.286,0.0,352
2020-12-19,7218141.0,48242.0,47622.714,186461.0,659.0,745.714,0.0,353
2020-12-20,7242625.0,24484.0,47973.429,186880.0,419.0,763.429,0.0,354
2020-12-21,7270270.0,27645.0,48011.286,187441.0,561.0,770.286,0.0,355
2020-12-22,7326935.0,56665.0,49244.571,188410.0,969.0,775.286,0.0,356
2020-12-23,7372614.0,45679.0,46323.857,189375.0,965.0,778.714,0.0,357
2020-12-24,7430825.0,58211.0,44825.571,190135.0,760.0,735.714,0.0,358
2020-12-25,7452008.0,21183.0,40301.286,190617.0,482.0,687.857,0.0,359
2020-12-26,7469541.0,17533.0,35914.286,190913.0,296.0,636.0,0.0,360
2020-12-27,7487155.0,17614.0,34932.857,191250.0,337.0,624.286,0.0,361
2020-12-28,7514592.0,27437.0,34903.143,191788.0,538.0,621.0,0.0,362
2020-12-29,7570963.0,56371.0,34861.143,192839.0,1051.0,632.714,0.0,363
2020-12-30,7626563.0,55600.0,36278.429,194056.0,1217.0,668.714,0.0,364
2020-12-31,7681032.0,54469.0,35743.857,195072.0,1016.0,705.286,0.0,365
2021-01-01,7703971.0,22939.0,35994.714,195541.0,469.0,703.429,0.0,366
2021-01-02,7719324.0,15353.0,35683.286,195834.0,293.0,703.0,0.0,367
2021-01-03,7736514.0,17190.0,35622.714,196145.0,311.0,699.286,0.0,368
2021-01-04,7761553.0,25039.0,35280.143,196742.0,597.0,707.714,0.0,369
2021-01-05,7819636.0,58083.0,35524.714,197930.0,1188.0,727.286,0.0,370
2021-01-06,7882143.0,62507.0,36511.429,199161.0,1231.0,729.286,0.0,371
2021-01-07,7970112.0,87969.0,41297.143,200679.0,1518.0,801.0,0.0,372
2021-01-08,8029698.0,59586.0,46532.429,201760.0,1081.0,888.429,0.0,373
2021-01-09,8081091.0,51393.0,51681.0,202769.0,1009.0,990.714,0.0,374
2021-01-10,8110118.0,29027.0,53372.0,203259.0,490.0,1016.286,0.0,375
2021-01-11,8140865.0,30747.0,54187.429,203750.0,491.0,1001.143,0.0,376
2021-01-12,8205289.0,64424.0,55093.286,204875.0,1125.0,992.143,0.0,377
2021-01-13,8265116.0,59827.0,54710.429,206139.0,1264.0,996.857,0.0,378
2021-01-14,8333445.0,68329.0,51904.714,207293.0,1154.0,944.857,0.0,379
2021-01-15,8402542.0,69097.0,53263.429,208428.0,1135.0,952.571,0.0,380
2021-01-16,8460987.0,58445.0,54270.857,209442.0,1014.0,953.286,0.0,381
2021-01-17,8492403.0,31416.0,54612.143,209993.0,551.0,962.0,0.0,382
2021-01-18,8521336.0,28933.0,54353.0,210469.0,476.0,959.857,0.0,383
2021-01-19,8583485.0,62149.0,54028.0,211629.0,1160.0,964.857,0.0,384
2021-01-20,8647962.0,64477.0,54692.286,213024.0,1395.0,983.571,0.0,385
2021-01-21,8706912.0,58950.0,53352.429,214371.0,1347.0,1011.143,0.0,386
2021-01-22,8763517.0,56605.0,51567.857,215442.0,1071.0,1002.0,0.0,387
2021-01-23,8821815.0,58298.0,51546.857,216587.0,1145.0,1020.714,0.0,388
2021-01-24,8850334.0,28519.0,51133.0,217182.0,595.0,1027.0,0.0,389
2021-01-25,8880864.0,30530.0,51361.143,217872.0,690.0,1057.571,0.0,390
2021-01-26,8942472.0,61608.0,51283.857,219027.0,1155.0,1056.857,0.0,391
2021-01-27,9007244.0,64772.0,51326.0,220363.0,1336.0,1048.429,0.0,392
2021-01-28,9068004.0,60760.0,51584.571,221801.0,1438.0,1061.429,0.0,393
2021-01-29,9127507.0,59503.0,51998.571,222888.0,1087.0,1063.714,0.0,394
2021-01-30,9180621.0,53114.0,51258.0,224080.0,1192.0,1070.429,0.0,395
2021-01-31,9208521.0,27900.0,51169.571,224648.0,568.0,1066.571,0.0,396
2021-02-01,9237011.0,28490.0,50878.143,225271.0,623.0,1057.0,0.0,397
2021-02-02,9293289.0,56278.0,50116.714,226532.0,1261.0,1072.143,0.0,398
2021-02-03,9347703.0,54414.0,48637.0,227731.0,1199.0,1052.571,0.0,399
2021-02-04,9404810.0,57107.0,48115.143,229007.0,1276.0,1029.429,0.0,400
2021-02-05,9456500.0,51690.0,46999.0,230258.0,1251.0,1052.857,0.0,401
2021-02-06,9502810.0,46310.0,46027.0,231195.0,937.0,1016.429,0.0,402
2021-02-07,9528972.0,26162.0,45778.714,231684.0,489.0,1005.143,0.0,403
2021-02-08,9557558.0,28586.0,45792.429,232405.0,721.0,1019.143,0.0,404
2021-02-09,9608775.0,51217.0,45069.429,233720.0,1315.0,1026.857,0.0,405
2021-02-10,9669883.0,61108.0,46025.714,235081.0,1361.0,1050.0,0.0,406
2021-02-11,9723487.0,53604.0,45525.286,236523.0,1442.0,1073.714,0.0,407
2021-02-12,9772429.0,48942.0,45132.714,237743.0,1220.0,1069.286,0.0,408
2021-02-13,9817285.0,44856.0,44925.0,238768.0,1025.0,1081.857,0.0,409
2021-02-14,9848008.0,30723.0,45576.571,239421.0,653.0,1105.286,0.0,410
2021-02-15,9873816.0,25808.0,45179.714,240032.0,611.0,1089.571,0.0,411
2021-02-16,9939100.0,65284.0,47189.286,241124.0,1092.0,1057.714,0.0,412
2021-02-17,9986325.0,47225.0,45206.0,242313.0,1189.0,1033.143,0.0,413
2021-02-18,10039804.0,53479.0,45188.143,243752.0,1439.0,1032.714,0.0,414
2021-02-19,10091961.0,52157.0,45647.429,245083.0,1331.0,1048.571,0.0,415
2021-02-20,10144332.0,52371.0,46721.0,246114.0,1031.0,1049.429,0.0,416
2021-02-21,10173817.0,29485.0,46544.143,246720.0,606.0,1042.714,0.0,417
2021-02-22,10205663.0,31846.0,47406.714,247431.0,711.0,1057.0,0.0,418
2021-02-23,10269248.0,63585.0,47164.0,248790.0,1359.0,1095.143,0.0,419
2021-02-24,10334634.0,65386.0,49758.429,250236.0,1446.0,1131.857,0.0,420
2021-02-25,10402913.0,68279.0,51872.714,251811.0,1575.0,1151.286,0.0,421
2021-02-26,10466308.0,63395.0,53478.143,253154.0,1343.0,1153.0,0.0,422
2021-02-27,10524726.0,58418.0,54342.0,254406.0,1252.0,1184.571,0.0,423
2021-02-28,10558091.0,33365.0,54896.286,255179.0,773.0,1208.429,0.0,424
2021-03-01,10598476.0,40385.0,56116.143,256007.0,828.0,1225.143,0.0,425
2021-03-02,10658171.0,59695.0,55560.429,257728.0,1721.0,1276.857,0.0,426
2021-03-03,10731070.0,72899.0,56633.714,259576.0,1848.0,1334.286,0.0,427
2021-03-04,10807092.0,76022.0,57739.857,261384.0,1808.0,1367.571,0.0,428
2021-03-05,10879597.0,72505.0,59041.286,263098.0,1714.0,1420.571,0.0,429
2021-03-06,10946501.0,66904.0,60253.571,264588.0,1490.0,1454.571,0.0,430
2021-03-07,11028185.0,81684.0,67156.286,265686.0,1098.0,1501.0,0.0,431
2021-03-08,11064770.0,36585.0,66613.429,266808.0,1122.0,1543.0,0.0,432
2021-03-09,11136064.0,71294.0,68270.429,268759.0,1951.0,1575.857,0.0,433
2021-03-10,11217531.0,81467.0,69494.429,271140.0,2381.0,1652.0,0.0,434
2021-03-11,11294602.0,77071.0,69644.286,273335.0,2195.0,1707.286,0.0,435
2021-03-12,11377073.0,82471.0,71068.0,275457.0,2122.0,1765.571,0.0,436
2021-03-13,11447416.0,70343.0,71559.286,277413.0,1956.0,1832.143,0.0,437
2021-03-14,11490864.0,43448.0,66097.0,278483.0,1070.0,1828.143,0.0,438
2021-03-15,11535178.0,44314.0,67201.143,279817.0,1334.0,1858.429,0.0,439
2021-03-16,11620823.0,85645.0,69251.286,282667.0,2850.0,1986.857,0.0,440
2021-03-17,11709475.0,88652.0,70277.714,285328.0,2661.0,2026.857,0.0,441
2021-03-18,11797401.0,87926.0,71828.429,288052.0,2724.0,2102.429,0.0,442
2021-03-19,11885660.0,88259.0,72655.286,290708.0,2656.0,2178.714,0.0,443
2021-03-20,11958814.0,73154.0,73056.857,293076.0,2368.0,2237.571,0.0,444
2021-03-21,12006259.0,47445.0,73627.857,294323.0,1247.0,2262.857,0.0,445
2021-03-22,12062229.0,55970.0,75293.0,295926.0,1603.0,2301.286,0.0,446
2021-03-23,12147437.0,85208.0,75230.571,299073.0,3147.0,2343.714,0.0,447
2021-03-24,12238343.0,90906.0,75552.571,301390.0,2317.0,2294.571,0.0,448
2021-03-25,12336604.0,98261.0,77029.0,304044.0,2654.0,2284.571,0.0,449
2021-03-26,12416950.0,80346.0,75898.571,307554.0,3510.0,2406.571,0.0,450
2021-03-27,12498653.0,81703.0,77119.857,310963.0,3409.0,2555.286,0.0,451
2021-03-28,12545611.0,46958.0,77050.286,312545.0,1582.0,2603.143,0.0,452
2021-03-29,12588226.0,42615.0,75142.429,314558.0,2013.0,2661.714,0.0,453
2021-03-30,12674667.0,86441.0,75318.571,318213.0,3655.0,2734.286,0.0,454
2021-03-31,12763392.0,88725.0,75007.0,322138.0,3925.0,2964.0,0.0,455
2021-04-01,12851165.0,87773.0,73508.714,325793.0,3655.0,3107.0,0.0,456
2021-04-02,12920540.0,69375.0,71941.429,328594.0,2801.0,3005.714,0.0,457
2021-04-03,12959895.0,39355.0,65891.714,330503.0,1909.0,2791.429,0.0,458
2021-04-04,12992213.0,32318.0,63800.286,331745.0,1242.0,2742.857,0.0,459
2021-04-05,13034887.0,42674.0,63808.714,333657.0,1912.0,2728.429,0.0,460
2021-04-06,13120019.0,85132.0,63621.714,337725.0,4068.0,2787.429,0.0,461
2021-04-07,13208715.0,88696.0,63617.571,341396.0,3671.0,2751.143,0.0,462
2021-04-08,13297270.0,88555.0,63729.286,345544.0,4148.0,2821.571,0.0,463
2021-04-09,13385380.0,88110.0,66405.714,349296.0,3752.0,2957.429,0.0,464
2021-04-10,13451932.0,66552.0,70291.0,351674.0,2378.0,3024.429,0.0,465
2021-04-11,13491107.0,39175.0,71270.571,353531.0,1857.0,3112.286,0.0,466
2021-04-12,13530757.0,39650.0,70838.571,355242.0,1711.0,3083.571,0.0,467
2021-04-13,13613418.0,82661.0,70485.571,358999.0,3757.0,3039.143,0.0,468
2021-04-14,13688024.0,74606.0,68472.714,362444.0,3445.0,3006.857,0.0,469
2021-04-15,13759207.0,71183.0,65991.0,365935.0,3491.0,2913.0,0.0,470
2021-04-16,13843594.0,84387.0,65459.143,369272.0,3337.0,2853.714,0.0,471
2021-04-17,13912159.0,68565.0,65746.714,372149.0,2877.0,2925.0,0.0,472
2021-04-18,13950997.0,38838.0,65698.571,373671.0,1522.0,2877.143,0.0,473
2021-04-19,13987519.0,36522.0,65251.714,375427.0,1756.0,2883.571,0.0,474
2021-04-20,14060162.0,72643.0,63820.571,378774.0,3347.0,2825.0,0.0,475
2021-04-21,14134150.0,73988.0,63732.286,381971.0,3197.0,2789.571,0.0,476
2021-04-22,14182258.0,48108.0,60435.857,384022.0,2051.0,2583.857,0.0,477
2021-04-23,14251539.0,69281.0,58277.857,387064.0,3042.0,2541.714,0.0,478
2021-04-24,14315320.0,63781.0,57594.429,389830.0,2766.0,2525.857,0.0,479
2021-04-25,14348961.0,33641.0,56852.0,391164.0,1334.0,2499.0,0.0,480
2021-04-26,14381359.0,32398.0,56262.857,392544.0,1380.0,2445.286,0.0,481
2021-04-27,14457203.0,75844.0,56720.143,395625.0,3081.0,2407.286,0.0,482
2021-04-28,14534482.0,77279.0,57190.286,398637.0,3012.0,2380.857,0.0,483
2021-04-29,14603096.0,68614.0,60119.714,401669.0,3032.0,2521.0,0.0,484
2021-04-30,14675104.0,72008.0,60509.286,404530.0,2861.0,2495.143,0.0,485
2021-05-01,14733396.0,58292.0,59725.143,406770.0,2240.0,2420.0,0.0,486
2021-05-02,14762684.0,29288.0,59103.286,408036.0,1266.0,2410.286,0.0,487
2021-05-03,14801673.0,38989.0,60044.857,409161.0,1125.0,2373.857,0.0,488
2021-05-04,14871208.0,69535.0,59143.571,412140.0,2979.0,2359.286,0.0,489
2021-05-05,14947580.0,76372.0,59014.0,414911.0,2771.0,2324.857,0.0,490
2021-05-06,15019870.0,72290.0,59539.143,417447.0,2536.0,2254.0,0.0,491
2021-05-07,15096714.0,76844.0,60230.0,419633.0,2186.0,2157.571,0.0,492
2021-05-08,15158475.0,61761.0,60725.571,421715.0,2082.0,2135.0,0.0,493
2021-05-09,15191195.0,32720.0,61215.857,422637.0,922.0,2085.857,0.0,494
2021-05-10,15227496.0,36301.0,60831.857,423748.0,1111.0,2083.857,0.0,495
2021-05-11,15297602.0,70106.0,60913.429,425993.0,2245.0,1979.0,0.0,496
2021-05-12,15373850.0,76248.0,60895.714,428574.0,2581.0,1951.857,0.0,497
2021-05-13,15453880.0,80030.0,62001.429,430851.0,2277.0,1914.857,0.0,498
2021-05-14,15531794.0,77914.0,62154.286,433038.0,2187.0,1915.0,0.0,499
2021-05-15,15599145.0,67351.0,62952.857,435039.0,2001.0,1903.429,0.0,500
2021-05-16,15636709.0,37564.0,63644.857,436100.0,1061.0,1923.286,0.0,501
2021-05-17,15672307.0,35598.0,63544.429,437185.0,1085.0,1919.571,0.0,502
2021-05-18,15747112.0,74805.0,64215.714,439636.0,2451.0,1949.0,0.0,503
2021-05-19,15827375.0,80263.0,64789.286,442136.0,2500.0,1937.429,0.0,504
2021-05-20,15910762.0,83387.0,65268.857,444647.0,2511.0,1970.857,0.0,505
2021-05-21,15987393.0,76631.0,65085.571,446773.0,2126.0,1962.143,0.0,506
2021-05-22,16055289.0,67896.0,65163.429,448499.0,1726.0,1922.857,0.0,507
2021-05-23,16093784.0,38495.0,65296.429,449388.0,889.0,1898.286,0.0,508
2021-05-24,16131264.0,37480.0,65565.286,450250.0,862.0,1866.429,0.0,509
2021-05-25,16205305.0,74041.0,65456.143,452434.0,2184.0,1828.286,0.0,510
2021-05-26,16285550.0,80245.0,65453.571,454897.0,2463.0,1823.0,0.0,511
2021-05-27,16350081.0,64531.0,62759.857,456998.0,2101.0,1764.429,0.0,512
2021-05-28,16403969.0,53888.0,59510.857,459424.0,2426.0,1807.286,0.0,513
2021-05-29,16479832.0,75863.0,60649.0,461365.0,1941.0,1838.0,0.0,514
2021-05-30,16521281.0,41449.0,61071.0,462278.0,913.0,1841.429,0.0,515
2021-05-31,16557888.0,36607.0,60946.286,463244.0,966.0,1856.286,0.0,516
2021-06-01,16636801.0,78913.0,61642.286,465578.0,2334.0,1877.714,0.0,517
2021-06-02,16733079.0,96278.0,63932.714,468086.0,2508.0,1884.143,0.0,518
2021-06-03,16809146.0,76067.0,65580.714,470000.0,1914.0,1857.429,0.0,519
2021-06-04,16852317.0,43171.0,64049.714,471191.0,1191.0,1681.0,0.0,520
2021-06-05,16913984.0,61667.0,62021.714,472861.0,1670.0,1642.286,0.0,521
2021-06-06,16954327.0,40343.0,61863.714,473741.0,880.0,1637.571,0.0,522
2021-06-07,16994043.0,39716.0,62307.857,474890.0,1149.0,1663.714,0.0,523
2021-06-08,17049756.0,55713.0,58993.571,477538.0,2648.0,1708.571,0.0,524
2021-06-09,17134623.0,84867.0,57363.429,479930.0,2392.0,1692.0,0.0,525
2021-06-10,17225867.0,91244.0,59531.571,482435.0,2505.0,1776.429,0.0,526
2021-06-11,17312179.0,86312.0,65694.571,484612.0,2177.0,1917.286,0.0,527
2021-06-12,17385952.0,73773.0,67424.0,486586.0,1974.0,1960.714,0.0,528
2021-06-13,17422936.0,36984.0,66944.143,487706.0,1120.0,1995.0,0.0,529
2021-06-14,17465628.0,42692.0,67369.286,488726.0,1020.0,1976.571,0.0,530
2021-06-15,17552769.0,87141.0,71859.0,491411.0,2685.0,1981.857,0.0,531
2021-06-16,17639297.0,86528.0,72096.286,494113.0,2702.0,2026.143,0.0,532
2021-06-17,17715789.0,76492.0,69988.857,496427.0,2314.0,1998.857,0.0,533
2021-06-18,17811233.0,95444.0,71293.429,498903.0,2476.0,2041.571,0.0,534
2021-06-19,17889167.0,77934.0,71887.857,501108.0,2205.0,2074.571,0.0,535
2021-06-20,17933754.0,44587.0,72974.0,502139.0,1031.0,2061.857,0.0,536
2021-06-21,17979164.0,45410.0,73362.286,503120.0,981.0,2056.286,0.0,537
2021-06-22,18103412.0,124248.0,78663.286,505223.0,2103.0,1973.143,0.0,538
2021-06-23,18180808.0,77396.0,77358.714,507488.0,2265.0,1910.714,0.0,539
2021-06-24,18257432.0,76624.0,77377.571,509526.0,2038.0,1871.286,0.0,540
2021-06-25,18332493.0,75061.0,74465.714,511534.0,2008.0,1804.429,0.0,541
2021-06-26,18393158.0,60665.0,71998.714,513051.0,1517.0,1706.143,0.0,542
2021-06-27,18425138.0,31980.0,70197.714,513772.0,721.0,1661.857,0.0,543
2021-06-28,18457197.0,32059.0,68290.429,514486.0,714.0,1623.714,0.0,544
2021-06-29,18523153.0,65956.0,59963.0,516424.0,1938.0,1600.143,0.0,545
2021-06-30,18570296.0,47143.0,55641.143,518488.0,2064.0,1571.429,0.0,546
2021-07-01,18631426.0,61130.0,53427.714,520420.0,1932.0,1556.286,0.0,547
2021-07-02,18694998.0,63572.0,51786.429,522296.0,1876.0,1537.429,0.0,548
2021-07-03,18748731.0,53733.0,50796.143,523932.0,1636.0,1554.429,0.0,549
2021-07-04,18774193.0,25462.0,49865.0,524703.0,771.0,1561.571,0.0,550
2021-07-05,18802128.0,27935.0,49275.857,525492.0,789.0,1572.286,0.0,551
2021-07-06,18863811.0,61683.0,48665.429,527251.0,1759.0,1546.714,0.0,552
2021-07-07,18917978.0,54167.0,49668.857,528836.0,1585.0,1478.286,0.0,553
2021-07-08,18972125.0,54147.0,48671.286,530563.0,1727.0,1449.0,0.0,554
2021-07-09,19030577.0,58452.0,47939.857,532035.0,1472.0,1391.286,0.0,555
2021-07-10,19074698.0,44121.0,46566.714,533193.0,1158.0,1323.0,0.0,556
2021-07-11,19093845.0,19147.0,45664.571,533758.0,565.0,1293.571,0.0,557
2021-07-12,19113078.0,19233.0,44421.429,534540.0,782.0,1292.571,0.0,558
2021-07-13,19161644.0,48566.0,42547.571,536199.0,1659.0,1278.286,0.0,559
2021-07-14,19217741.0,56097.0,42823.286,537735.0,1536.0,1271.286,0.0,560
2021-07-15,19272139.0,54398.0,42859.143,539344.0,1609.0,1254.429,0.0,561
2021-07-16,19315054.0,42915.0,40639.571,540733.0,1389.0,1242.571,0.0,562
2021-07-17,19364084.0,49030.0,41340.857,542004.0,1271.0,1258.714,0.0,563
2021-07-18,19380831.0,16747.0,40998.0,542485.0,481.0,1246.714,0.0,564
2021-07-19,19397587.0,16756.0,40644.143,543153.0,668.0,1230.429,0.0,565
2021-07-20,19428736.0,31149.0,38156.0,544532.0,1379.0,1190.429,0.0,566
2021-07-21,19484572.0,55836.0,38118.714,545932.0,1400.0,1171.0,0.0,567
2021-07-22,19533253.0,48681.0,37302.0,547363.0,1431.0,1145.571,0.0,568
2021-07-23,19640373.0,107120.0,46474.143,548654.0,1291.0,1131.571,0.0,569
2021-07-24,19675021.0,34648.0,44419.571,549735.0,1081.0,1104.429,0.0,570
2021-07-25,19693277.0,18256.0,44635.143,550214.0,479.0,1104.143,0.0,571
2021-07-26,19714719.0,21442.0,45304.571,550839.0,625.0,1098.0,0.0,572
2021-07-27,19758310.0,43591.0,47082.0,552128.0,1289.0,1085.143,0.0,573
2021-07-28,19805359.0,47049.0,45826.714,553501.0,1373.0,1081.286,0.0,574
2021-07-29,19846680.0,41321.0,44775.286,554842.0,1341.0,1068.429,0.0,575
2021-07-30,19887058.0,40378.0,35240.714,555727.0,885.0,1010.429,0.0,576
2021-07-31,19922146.0,35088.0,35303.571,556676.0,949.0,991.571,0.0,577
2021-08-01,19942499.0,20353.0,35603.143,557091.0,415.0,982.429,0.0,578
2021-08-02,19961374.0,18875.0,35236.429,557635.0,544.0,970.857,0.0,579
2021-08-03,19993870.0,32496.0,33651.429,558872.0,1237.0,963.429,0.0,580
2021-08-04,20034407.0,40537.0,32721.143,559944.0,1072.0,920.429,0.0,581
2021-08-05,20073891.0,39484.0,32458.714,561070.0,1126.0,889.714,0.0,582
2021-08-06,20116562.0,42671.0,32786.286,562029.0,959.0,900.286,0.0,583
2021-08-07,20156095.0,39533.0,33421.286,563028.0,999.0,907.429,0.0,584
2021-08-08,20169989.0,13894.0,32498.571,563417.0,389.0,903.714,0.0,585
2021-08-09,20185531.0,15542.0,32022.429,563925.0,508.0,898.571,0.0,586
2021-08-10,20220993.0,35462.0,32446.143,565193.0,1268.0,903.0,0.0,587
2021-08-11,20256436.0,35443.0,31718.429,566238.0,1045.0,899.143,0.0,588
2021-08-12,20292294.0,35858.0,31200.429,567254.0,1016.0,883.429,0.0,589
2021-08-13,20325289.0,32995.0,29818.143,568146.0,892.0,873.857,0.0,590
2021-08-14,20354591.0,29302.0,28356.571,569058.0,912.0,861.429,0.0,591
2021-08-15,20368358.0,13767.0,28338.429,569447.0,389.0,861.429,0.0,592
2021-08-16,20386548.0,18190.0,28716.714,569861.0,414.0,848.0,0.0,593
2021-08-17,20425554.0,39006.0,29223.0,570955.0,1094.0,823.143,0.0,594
2021-08-18,20465725.0,40171.0,29898.429,571945.0,990.0,815.286,0.0,595
2021-08-19,20501738.0,36013.0,29920.571,572968.0,1023.0,816.286,0.0,596
2021-08-20,20535951.0,34213.0,30094.571,573862.0,894.0,816.571,0.0,597
2021-08-21,20561273.0,25322.0,29526.0,574473.0,611.0,773.571,0.0,598
2021-08-22,20575218.0,13945.0,29551.429,574806.0,333.0,765.571,0.0,599
2021-08-23,20590872.0,15654.0,29189.143,575223.0,417.0,766.0,0.0,600
2021-08-24,20622681.0,31809.0,28161.0,576082.0,859.0,732.429,0.0,601
2021-08-25,20652660.0,29979.0,26705.0,576969.0,887.0,717.714,0.0,602
2021-08-26,20683583.0,30923.0,25977.857,577840.0,871.0,696.0,0.0,603
2021-08-27,20711339.0,27756.0,25055.429,578658.0,818.0,685.143,0.0,604
2021-08-28,20734286.0,22947.0,24716.143,579287.0,629.0,687.714,0.0,605
2021-08-29,20745549.0,11263.0,24333.0,579565.0,278.0,679.857,0.0,606
2021-08-30,20758350.0,12801.0,23925.429,579883.0,318.0,665.714,0.0,607
2021-08-31,20785196.0,26846.0,23216.429,580764.0,881.0,668.857,0.0,608
2021-09-01,20810944.0,25748.0,22612.0,581461.0,697.0,641.714,0.0,609
2021-09-02,20837967.0,27023.0,22054.857,582243.0,782.0,629.0,0.0,610
2021-09-03,20861571.0,23604.0,21461.714,582983.0,740.0,617.857,0.0,611
2021-09-04,20881896.0,20325.0,21087.143,583621.0,638.0,619.143,0.0,612
2021-09-05,20894557.0,12661.0,21286.857,583892.0,271.0,618.143,0.0,613
2021-09-06,20904729.0,10172.0,20911.286,584112.0,220.0,604.143,0.0,614
2021-09-07,20918333.0,13604.0,19019.571,584439.0,327.0,525.0,0.0,615
2021-09-08,20932515.0,14182.0,17367.286,584688.0,249.0,461.0,0.0,616
2021-09-09,20965338.0,32823.0,18195.857,585512.0,824.0,467.0,0.0,617
2021-09-10,20981793.0,16455.0,17174.571,586148.0,636.0,452.143,0.0,618
2021-09-11,20995555.0,13762.0,16237.0,586817.0,669.0,456.571,0.0,619
2021-09-12,21003416.0,7861.0,15551.286,587116.0,299.0,460.571,0.0,620
2021-09-13,21012064.0,8648.0,15333.571,587400.0,284.0,469.714,0.0,621
2021-09-14,21025635.0,13571.0,15328.857,588078.0,678.0,519.857,0.0,622
2021-09-15,21038911.0,13276.0,15199.429,588879.0,801.0,598.714,0.0,623
2021-09-16,21074358.0,35447.0,15574.286,589542.0,663.0,575.714,0.0,624
2021-09-17,21109695.0,35337.0,18271.714,590180.0,638.0,576.0,0.0,625
2021-09-18,21234573.0,0.0,0.0,590766.0,586.0,564.143,0.0,626
2021-09-19,21243748.0,9175.0,16493.429,591014.0,248.0,556.857,0.0,627
2021-09-20,21253033.0,9285.0,16584.429,591279.0,265.0,554.143,0.0,628
2021-09-21,21268413.0,15380.0,16842.857,591952.0,673.0,553.429,0.0,629
2021-09-22,21300996.0,32583.0,19601.0,592617.0,665.0,534.0,0.0,630
2021-09-23,21325913.0,24917.0,18096.714,593246.0,629.0,529.143,0.0,631
2021-09-24,21344578.0,18665.0,15715.0,593926.0,680.0,535.143,0.0,632
2021-09-25,21358441.0,13863.0,17695.429,594466.0,540.0,528.571,0.0,633
2021-09-26,21367297.0,8856.0,17649.857,594732.0,266.0,531.143,0.0,634
2021-09-27,21376642.0,9345.0,17658.429,594926.0,194.0,521.0,0.0,635
2021-09-28,21393526.0,16884.0,17873.286,595743.0,817.0,541.571,0.0,636
2021-09-29,21410411.0,16885.0,15630.714,596424.0,681.0,543.857,0.0,637
2021-09-30,21432362.0,21951.0,15207.0,597032.0,608.0,540.857,0.0,638
2021-10-01,21450424.0,18062.0,15120.857,597522.0,490.0,513.714,0.0,639
2021-10-02,21462810.0,12386.0,14909.857,597976.0,454.0,501.429,0.0,640
2021-10-03,21471963.0,9153.0,14952.286,598202.0,226.0,495.714,0.0,641
2021-10-04,21483481.0,11518.0,15262.714,598406.0,204.0,497.143,0.0,642
2021-10-05,21505626.0,22145.0,16014.286,599090.0,684.0,478.143,0.0,643
2021-10-06,21524172.0,18546.0,16251.571,599660.0,570.0,462.286,0.0,644
2021-10-07,21538788.0,14616.0,15203.714,600088.0,428.0,436.571,0.0,645
2021-10-08,21557323.0,18535.0,15271.286,600718.0,630.0,456.571,0.0,646
2021-10-09,21572127.0,14804.0,15616.714,601134.0,416.0,451.143,0.0,647
2021-10-10,21580539.0,8412.0,15510.857,601285.0,151.0,440.429,0.0,648
2021-10-11,21587532.0,6993.0,14864.429,601492.0,207.0,440.857,0.0,649
2021-10-12,21594887.0,7355.0,12751.571,601667.0,175.0,368.143,0.0,650
2021-10-13,21603259.0,8372.0,11298.143,601873.0,206.0,316.143,0.0,651
2021-10-14,21618491.0,15232.0,11386.143,602445.0,572.0,336.714,0.0,652
2021-10-15,21632789.0,14298.0,10780.857,602952.0,507.0,319.143,0.0,653
2021-10-16,21642550.0,9761.0,10060.429,603417.0,465.0,326.143,0.0,654
2021-10-17,21648735.0,6185.0,9742.286,603545.0,128.0,322.857,0.0,655
2021-10-18,21658054.0,9319.0,10074.571,603747.0,202.0,322.143,0.0,656
2021-10-19,21671287.0,13233.0,10914.286,604126.0,379.0,351.286,0.0,657
2021-10-20,21686995.0,15708.0,11962.286,604525.0,399.0,378.857,0.0,658
2021-10-21,21703981.0,16986.0,12212.857,604991.0,466.0,363.714,0.0,659
2021-10-22,21717379.0,13398.0,12084.286,605438.0,447.0,355.143,0.0,660
2021-10-23,21729284.0,11905.0,12390.571,605788.0,350.0,338.714,0.0,661
2021-10-24,21733820.0,4536.0,12155.0,605907.0,119.0,337.429,0.0,662
2021-10-25,21741647.0,7827.0,11941.857,606114.0,207.0,338.143,0.0,663
2021-10-26,21754992.0,13345.0,11957.857,606517.0,403.0,341.571,0.0,664
2021-10-27,21772116.0,17124.0,12160.143,606952.0,435.0,346.714,0.0,665
2021-10-28,21785802.0,13686.0,11688.714,607325.0,373.0,333.429,0.0,666
2021-10-29,21798483.0,12681.0,11586.286,607733.0,408.0,327.857,0.0,667
2021-10-30,21808495.0,10012.0,11315.857,607949.0,216.0,308.714,0.0,668
2021-10-31,21814625.0,6130.0,11543.571,608082.0,133.0,310.714,0.0,669
2021-11-01,21819251.0,4626.0,11086.286,608185.0,103.0,295.857,0.0,670
2021-11-02,21825169.0,5918.0,10025.286,608337.0,152.0,260.0,0.0,671
2021-11-03,21841479.0,16310.0,9909.0,608527.0,190.0,225.0,0.0,672
2021-11-04,21854726.0,13247.0,9846.286,608961.0,434.0,233.714,0.0,673
2021-11-05,21867724.0,12998.0,9891.571,609343.0,382.0,230.0,0.0,674
2021-11-06,21878897.0,11173.0,10057.429,609646.0,303.0,242.429,0.0,675
2021-11-07,21884558.0,5661.0,9990.429,609716.0,70.0,233.429,0.0,676
2021-11-08,21891439.0,6881.0,10312.571,609836.0,120.0,235.857,0.0,677
2021-11-09,21903249.0,11810.0,11154.286,610044.0,208.0,243.857,0.0,678
2021-11-10,21918229.0,14980.0,10964.286,610313.0,269.0,255.143,0.0,679
2021-11-11,21933767.0,15538.0,11291.571,610553.0,240.0,227.429,0.0,680
2021-11-12,21948366.0,14599.0,11520.286,611174.0,621.0,261.571,0.0,681
2021-11-13,21957724.0,9358.0,11261.0,611481.0,307.0,262.143,0.0,682
2021-11-14,21962026.0,4302.0,11066.857,611546.0,65.0,261.429,0.0,683
2021-11-15,21964769.0,2743.0,10475.714,611616.0,70.0,254.286,0.0,684
2021-11-16,21971337.0,6568.0,9726.857,611759.0,143.0,245.0,0.0,685
2021-11-17,21984449.0,13112.0,9460.0,612136.0,377.0,260.429,0.0,686
2021-11-18,21995851.0,11402.0,8869.143,612408.0,272.0,265.0,0.0,687
2021-11-19,22008224.0,12373.0,8551.143,612646.0,238.0,210.286,0.0,688
2021-11-20,22016439.0,8215.0,8387.857,612853.0,207.0,196.0,0.0,689
2021-11-21,22021527.0,5088.0,8500.143,612949.0,96.0,200.429,0.0,690
2021-11-22,22025668.0,4141.0,8699.857,613075.0,126.0,208.429,0.0,691
2021-11-23,22038108.0,12440.0,9538.714,613370.0,295.0,230.143,0.0,692
2021-11-24,22050362.0,12254.0,9416.143,613641.0,271.0,215.0,0.0,693
2021-11-25,22062645.0,12283.0,9542.0,613929.0,288.0,217.286,0.0,694
2021-11-26,22073524.0,10879.0,9328.571,614234.0,305.0,226.857,0.0,695
2021-11-27,22081833.0,8309.0,9342.0,614461.0,227.0,229.714,0.0,696
2021-11-28,22085369.0,3536.0,9120.286,614541.0,80.0,227.429,0.0,697
2021-11-29,22089858.0,4489.0,9170.0,614659.0,118.0,226.286,0.0,698
2021-11-30,22100143.0,10285.0,8862.143,614985.0,326.0,230.714,0.0,699
2021-12-01,22112425.0,12282.0,8866.143,615253.0,268.0,230.286,0.0,700
2021-12-02,22124356.0,11931.0,8815.857,615449.0,196.0,217.143,0.0,701
2021-12-03,22134978.0,10622.0,8779.143,615683.0,234.0,207.0,0.0,702
2021-12-04,22142385.0,7407.0,8650.286,615829.0,146.0,195.429,0.0,703
2021-12-05,22147078.0,4693.0,8815.571,615900.0,71.0,194.143,0.0,704
2021-12-06,22153095.0,6017.0,9033.857,616032.0,132.0,196.143,0.0,705
2021-12-07,22163231.0,10136.0,9012.571,616293.0,261.0,186.857,0.0,706
2021-12-08,22173363.0,10132.0,8705.429,616533.0,240.0,182.857,0.0,707
2021-12-09,22182116.0,8753.0,8251.429,616733.0,200.0,183.429,0.0,708
2021-12-10,22189181.0,7065.0,7743.286,616961.0,228.0,182.571,0.0,709
2021-12-11,22191865.0,2684.0,7068.571,617014.0,53.0,169.286,0.0,710
2021-12-12,22193480.0,1615.0,6628.857,617096.0,82.0,170.857,0.0,711
2021-12-13,22196250.0,2770.0,6165.0,617141.0,45.0,158.429,0.0,712
2021-12-14,22200629.0,4379.0,5342.571,617254.0,113.0,137.286,0.0,713
2021-12-15,22205707.0,5078.0,4620.571,617552.0,298.0,145.571,0.0,714
2021-12-16,22209368.0,3661.0,3893.143,617675.0,123.0,134.571,0.0,715
2021-12-17,22213731.0,4363.0,3507.143,617873.0,198.0,130.286,0.0,716
2021-12-18,22216112.0,2381.0,3463.857,618011.0,138.0,142.429,0.0,717
2021-12-19,22217570.0,1458.0,3441.429,618066.0,55.0,138.571,0.0,718
2021-12-20,22220209.0,2639.0,3422.714,618149.0,83.0,144.0,0.0,719
2021-12-21,22223943.0,3734.0,3330.571,618220.0,71.0,138.0,0.0,720
2021-12-22,22227169.0,3226.0,3066.0,618366.0,146.0,116.286,0.0,721
2021-12-23,22230943.0,3774.0,3082.143,618492.0,126.0,116.714,0.0,722
2021-12-24,22234623.0,3680.0,2984.571,618655.0,163.0,111.714,0.0,723
2021-12-25,22238297.0,3674.0,3169.286,618686.0,31.0,96.429,0.0,724
2021-12-26,22243266.0,4969.0,3670.857,618732.0,46.0,95.143,0.0,725
2021-12-27,22250218.0,6952.0,4287.0,618797.0,65.0,92.571,0.0,726
2021-12-28,22259270.0,9052.0,5046.714,618978.0,181.0,108.286,0.0,727
2021-12-29,22269031.0,9761.0,5980.286,619095.0,117.0,104.143,0.0,728
2021-12-30,22281649.0,12618.0,7243.714,619249.0,154.0,108.143,0.0,729
2021-12-31,22291839.0,10190.0,8173.714,619334.0,85.0,97.0,0.0,730
2022-01-01,22295621.0,3782.0,8189.143,619367.0,33.0,97.286,0.0,731
2022-01-02,22297427.0,1806.0,7737.286,619401.0,34.0,95.571,0.0,732
2022-01-03,22309081.0,11654.0,8409.0,619473.0,72.0,96.571,0.0,733
2022-01-04,22328252.0,19171.0,9854.571,619654.0,181.0,96.571,0.0,734
2022-01-05,22351104.0,22852.0,11724.714,619654.0,0.0,79.857,0.0,735
2022-01-06,22386930.0,35826.0,15040.143,619654.0,0.0,57.857,0.0,736
2022-01-07,22450222.0,63292.0,22626.143,619822.0,168.0,69.714,0.0,737
2022-01-08,22499525.0,49303.0,29129.143,619937.0,115.0,81.429,0.0,738
2022-01-09,22529183.0,29658.0,33108.0,620251.0,314.0,121.429,0.0,739
2022-01-10,22563104.0,33921.0,36289.0,620366.0,115.0,127.571,0.0,740
2022-01-11,22636359.0,73255.0,44015.286,620507.0,141.0,121.857,0.0,741
2022-01-12,22724232.0,87873.0,53304.0,620641.0,134.0,141.0,0.0,742
2022-01-13,22822177.0,97945.0,62178.143,620830.0,189.0,168.0,0.0,743
2022-01-14,22933289.0,111112.0,69009.571,621063.0,233.0,177.286,0.0,744
