District,State,Latitude,Longitude
Andaman Islands,Andaman and Nicobar,12.382571069235054,92.82291050641506
Nicobar Islands,Andaman and Nicobar,7.835290749774195,93.5116012375786
Adilabad,Andhra Pradesh,19.284513950073432,78.81321233480178
Anantapur,Andhra Pradesh,14.312065561843147,77.46015844785771
Chittoor,Andhra Pradesh,13.331092630676961,78.92763898886038
Cuddapah,Andhra Pradesh,14.490289134125627,78.69613870967754
East Godavari,Andhra Pradesh,16.782718320784902,82.2432074720511
Guntur,Andhra Pradesh,15.884925767634847,80.58657614107885
Hyderabad,Andhra Pradesh,17.38971555555556,78.46668888888887
Karimnagar,Andhra Pradesh,18.515483193277312,79.43765428571412
Khammam,Andhra Pradesh,17.683921325051784,80.67008643892333
Krishna,Andhra Pradesh,16.143872753151673,81.14805061000413
Kurnool,Andhra Pradesh,15.437597151424288,77.90086836581717
Mahbubnagar,Andhra Pradesh,16.639546224256293,77.98933089244859
Medak,Andhra Pradesh,17.889304978038055,78.13778901903379
Nalgonda,Andhra Pradesh,17.113250515463907,79.16984453608244
Nellore,Andhra Pradesh,13.894344071421887,80.14702671812498
Nizamabad,Andhra Pradesh,18.429485849056608,78.07523490566034
Prakasam,Andhra Pradesh,15.489039001601705,80.11665790176184
Rangareddi,Andhra Pradesh,17.245235872576178,78.05756828254849
Srikakulam,Andhra Pradesh,18.570900998697432,84.25874814010676
Vishakhapatnam,Andhra Pradesh,17.646839033989302,83.01014035778171
Vizianagaram,Andhra Pradesh,18.283296960329718,83.45982854198874
Warangal,Andhra Pradesh,18.01752608695651,79.87422028985509
West Godavari,Andhra Pradesh,16.63297943925236,81.45912990654196
Changlang,Arunachal Pradesh,27.360484793388448,96.37552644628107
East Kameng,Arunachal Pradesh,27.371194055944056,93.04741486013997
East Siang,Arunachal Pradesh,28.15382352941176,95.06499226006191
Kurung Kumey,Arunachal Pradesh,28.048533518005534,93.24531994459835
Lohit,Arunachal Pradesh,27.946785273972626,96.59670770547943
Lower Dibang Valley,Arunachal Pradesh,28.32651730103806,95.76567335640142
Lower Subansiri,Arunachal Pradesh,27.70849297297297,93.96226108108112
Papum Pare,Arunachal Pradesh,27.27352971698113,93.54468183962265
Tawang,Arunachal Pradesh,27.680683962264148,91.82504245283016
Tirap,Arunachal Pradesh,26.944062295081984,95.41470327868862
Upper Dibang Valley,Arunachal Pradesh,29.01994783653848,95.98776394230764
Upper Siang,Arunachal Pradesh,28.8309244897959,95.00155765306124
Upper Subansiri,Arunachal Pradesh,28.277196566523585,93.89914356223179
West Kameng,Arunachal Pradesh,27.46486582278483,92.65015750452083
Siang,Arunachal Pradesh,28.106296920289846,94.53510344202907
Barpeta,Assam,26.427872264631056,90.97912010178116
Bongaigaon,Assam,26.45012521994133,90.67342961876841
Cachar,Assam,24.815570668693017,92.86849650455929
Darrang,Assam,26.584632159624423,92.04141338028157
Dhemaji,Assam,27.58653343848582,94.71336908517351
Dhuburi,Assam,26.045061484453374,89.98500822467393
Dibrugarh,Assam,27.30612284482757,95.0998282327587
Goalpara,Assam,26.01727777777781,90.59869891598913
Golaghat,Assam,26.377219709794485,93.8258339782347
Hailakandi,Assam,24.45749608938549,92.59154664804475
Jorhat,Assam,26.76244824016563,94.30197722567287
Kamrup,Assam,26.17093945205481,91.58863273972591
Karbi Anglong,Assam,26.08966454598031,93.11536570271832
Karimganj,Assam,24.69660712250711,92.3679498575498
Kokrajhar,Assam,26.49724663573087,90.13997470997688
Lakhimpur,Assam,27.14128805970149,94.0775949253732
Marigaon,Assam,26.24650046728974,92.21949953271023
Nagaon,Assam,26.264621706263515,92.9306191144708
Nalbari,Assam,26.46323767605632,91.40598521126765
North Cachar Hills,Assam,25.33829985315711,92.97740205580037
Sibsagar,Assam,27.02762869565218,94.90025847826081
Sonitpur,Assam,26.73514926829268,92.85197804878044
Tinsukia,Assam,27.535492911392414,95.69055949367085
Araria,Bihar,26.211528119180606,87.30766554934816
Aurangabad,Bihar,24.774291867469874,84.45986024096379
Banka,Bihar,24.832355642023334,86.8664916342413
Begusarai,Bihar,25.54302613168723,86.1256014403293
Bhabua,Bihar,25.02156642599276,83.61128104693134
Bhagalpur,Bihar,25.277192885375477,87.04213814229243
Bhojpur,Bihar,25.50666439393939,84.49407803030304
Buxar,Bihar,25.485930188679237,84.08808081760995
Darbhanga,Bihar,26.146187719298254,85.97387352472099
Gaya,Bihar,24.726654154727804,84.94291217765044
Gopalganj,Bihar,26.448743641618513,84.34636127167629
Jamui,Bihar,24.78418380462726,86.26316298200514
Jehanabad,Bihar,25.15567904564316,84.9208124481328
Katihar,Bihar,25.565653560371512,87.70466083591326
Khagaria,Bihar,25.535588914549642,86.56593256351037
Kishanganj,Bihar,26.324336758321294,87.95045007235886
Lakhisarai,Bihar,25.183449321266966,86.1282570135747
Madhepura,Bihar,25.77341929460581,86.8978443983403
Madhubani,Bihar,26.413805381727162,86.16328360450552
Munger,Bihar,25.198537962962966,86.54173672839504
Muzaffarpur,Bihar,26.186644171779147,85.32745092024544
Nalanda,Bihar,25.229345508982053,85.48053113772461
Nawada,Bihar,24.825708836206907,85.61594568965519
Pashchim Champaran,Bihar,27.160643522012577,84.30265911949684
Patna,Bihar,25.40297114503818,85.31984335877871
Purba Champaran,Bihar,26.68129336734693,85.00382155612242
Purnia,Bihar,25.81714801901739,87.40447606973066
Rohtas,Bihar,24.99170460829495,83.93507626728109
Saharsa,Bihar,25.821270696721307,86.54670819672134
Samastipur,Bihar,25.793205563909765,85.94833323308269
Saran,Bihar,25.89656077844312,84.82266287425155
Sheikhpura,Bihar,25.12472436548223,85.77839390862944
Sheohar,Bihar,26.45838074866311,85.29539411764709
Sitamarhi,Bihar,26.565700696864127,85.61172491289203
Siwan,Bihar,26.1736372013652,84.33766552901022
Supaul,Bihar,26.281578937728963,86.78496465201462
Vaishali,Bihar,25.813470318021196,85.39247597173153
Chandigarh,Chandigarh,30.7426,76.75872465753423
Bastar,Chhattisgarh,19.393866751269048,81.52895126903546
Bilaspur,Chhattisgarh,22.356942982456147,81.99770350877188
Dantewada,Chhattisgarh,18.653854086538466,81.07200120192313
Dhamtari,Chhattisgarh,20.554912627291245,81.7569195519348
Durg,Chhattisgarh,21.194463849287164,81.33181639511197
Janjgir-Champa,Chhattisgarh,21.961093750000025,82.80495408653844
Jashpur,Chhattisgarh,22.77286167664669,83.8703962075848
Kanker,Chhattisgarh,20.139461285008245,81.06913080724874
Kawardha,Chhattisgarh,22.048000792079204,81.16271188118817
Korba,Chhattisgarh,22.491712499999995,82.57604326923074
Koriya,Chhattisgarh,23.504127768595012,82.12515636363634
Mahasamund,Chhattisgarh,21.223727037773358,82.65925427435384
Raigarh,Chhattisgarh,22.008265068493166,83.27797698630134
Raipur,Chhattisgarh,20.88603153846152,82.20032759615388
Raj Nandgaon,Chhattisgarh,21.058414734950606,80.78526693620836
Surguja,Chhattisgarh,23.327192787286073,83.23582493887531
Dadra and Nagar Haveli,Dadra and Nagar Haveli and Daman and Diu,20.215132170542628,73.09454961240311
Daman,Dadra and Nagar Haveli and Daman and Diu,20.431616666666674,72.83923660714291
Junagadh,Dadra and Nagar Haveli and Daman and Diu,20.72568199498111,70.83985639899612
Delhi,Delhi,28.64594429824561,77.1280451754386
North Goa,Goa,15.548723418714054,73.80667997909038
South Goa,Goa,15.195278658183785,73.94179259687701
Ahmadabad,Gujarat,22.605425564971746,72.23898135593227
Amreli,Gujarat,21.048326493108718,71.43457637825426
Anand,Gujarat,22.282718206229863,72.57782051557454
Banas Kantha,Gujarat,24.25853896551725,71.93205252873561
Bharuch,Gujarat,21.75787276237761,72.67326346710801
Bhavnagar,Gujarat,21.70219390341736,72.16272632761141
Dahod,Gujarat,22.897992252252234,73.99170612612609
Gandhinagar,Gujarat,23.19367979002625,72.67221679790026
Jamnagar,Gujarat,22.410600414263328,69.62062005768232
Junagadh,Gujarat,20.929523011609785,70.54733890140345
Kutch,Gujarat,23.48057203301311,68.82192301497915
Kheda,Gujarat,22.887653125000018,73.018803515625
Mahesana,Gujarat,23.529355452865065,72.45545194085031
Narmada,Gujarat,21.706663862928334,73.68403208722742
Navsari,Gujarat,20.866973318871995,72.86184869848157
Panch Mahals,Gujarat,22.80435606837605,73.61984598290586
Patan,Gujarat,23.80634198473284,71.75162977099238
Porbandar,Gujarat,21.550923516515713,69.71896987722886
Rajkot,Gujarat,22.406033777154878,70.83679439383323
Sabar Kantha,Gujarat,23.71803594548552,73.13638790459964
Surat,Gujarat,21.25761372772093,72.93488716344339
Surendranagar,Gujarat,22.82672007299272,71.48358740875906
The Dangs,Gujarat,20.801633877551023,73.68835183673471
Vadodara,Gujarat,22.26133739279589,73.49433010291594
Valsad,Gujarat,20.44238231644259,72.91485847983449
Ambala,Haryana,30.350367231638398,76.94970310734456
Bhiwani,Haryana,28.728868064516128,76.02110225806452
Faridabad,Haryana,28.148731097560983,77.3271853658537
Fatehabad,Haryana,29.57298318584072,75.54608716814157
Gurugram,Haryana,28.043894789579163,77.01935130260524
Hisar,Haryana,29.236287311178252,75.84324682779452
Jhajjar,Haryana,28.596518681318692,76.61137142857146
Jind,Haryana,29.45149821958457,76.29598575667653
Kaithal,Haryana,29.960685390946487,76.37698930041155
Karnal,Haryana,29.703200647249204,76.87488025889972
Kurukshetra,Haryana,30.05652659846548,76.78774680306903
Mahendragarh,Haryana,28.1352161458333,76.14018072916659
Panchkula,Haryana,30.700897142857126,76.97173238095236
Panipat,Haryana,29.343521341463422,76.92895914634147
Rewari,Haryana,28.19164714828897,76.55956007604564
Rohtak,Haryana,28.892517647058817,76.53123235294117
Sirsa,Haryana,29.63583446327684,74.90970480225988
Sonepat,Haryana,29.05805707964603,76.85587079646017
Yamuna Nagar,Haryana,30.264661825726147,77.31652821576762
Bilaspur,Himachal Pradesh,31.378042290748898,76.65316079295157
Chamba,Himachal Pradesh,32.66741814595661,76.39354063116366
Hamirpur,Himachal Pradesh,31.67668481012659,76.49767088607594
Kangra,Himachal Pradesh,32.14093603238864,76.41205910931173
Kinnaur,Himachal Pradesh,31.606671840659327,78.51613736263741
Kullu,Himachal Pradesh,31.909119220779253,77.40922649350647
Lahul and Spiti,Himachal Pradesh,32.51717030651338,77.62470977011492
Mandi,Himachal Pradesh,31.63580594059405,76.96556930693067
Shimla,Himachal Pradesh,31.15572545180725,77.62573042168668
Sirmaur,Himachal Pradesh,30.682764453961443,77.43184689507494
Solan,Himachal Pradesh,31.038643119266037,76.94442140672783
Una,Himachal Pradesh,31.58330388349513,76.18353932038835
Anantnag (Kashmir South),Jammu and Kashmir,33.76027272727273,75.30390606060608
Bagdam,Jammu and Kashmir,33.932581132075484,74.79798113207545
Baramula (Kashmir North),Jammu and Kashmir,34.381253757225416,74.76359942196531
Doda,Jammu and Kashmir,33.359614675767915,76.07163720136518
Jammu,Jammu and Kashmir,32.713199095022645,74.8477520361991
Kargil,Jammu and Kashmir,33.565994894894914,76.63675315315312
Kathua,Jammu and Kashmir,32.51781678321678,75.58901398601405
Kupwara (Muzaffarabad),Jammu and Kashmir,34.59923473684211,74.21587684210526
Ladakh (Leh),Jammu and Kashmir,33.585792202970296,78.30725928217821
Pulwama,Jammu and Kashmir,33.88414418604652,75.00921860465118
Punch,Jammu and Kashmir,33.791241290322574,74.29593161290322
Rajauri,Jammu and Kashmir,33.27232198581561,74.40776879432627
Srinagar,Jammu and Kashmir,34.27312898550724,75.11021159420287
Udhampur,Jammu and Kashmir,33.04770670731707,75.15286951219511
Bokaro,Jharkhand,23.6814965034965,85.98398374125864
Chatra,Jharkhand,24.11619945750453,84.93295804701627
Deoghar,Jharkhand,24.33070100755672,86.75697632241814
Dhanbad,Jharkhand,23.854509090909094,86.40372924901185
Dumka,Jharkhand,24.275006125574265,87.27662450229711
Garhwa,Jharkhand,24.082114689265534,83.68664265536722
Giridih,Jharkhand,24.30578509874329,86.08710915619386
Godda,Jharkhand,24.8189,87.29417354838709
Gumla,Jharkhand,23.078532948929148,84.55056787479396
Hazaribag,Jharkhand,23.94324197396964,85.49441312364429
Jamtara,Jharkhand,23.97873318077801,86.95325080091534
Koderma,Jharkhand,24.556719434628963,85.7169091872792
Latehar,Jharkhand,23.72511185840708,84.48298743362838
Lohardaga,Jharkhand,23.488796043165483,84.6605169064748
Pakur,Jharkhand,24.572604280821892,87.69691969178076
Palamu,Jharkhand,24.196925968109337,84.20310842824594
Pashchim Singhbhum,Jharkhand,22.399408487654313,85.5409841049382
Purba Singhbhum,Jharkhand,22.59133436293437,86.50910135135136
Ranchi,Jharkhand,23.18423506139155,85.31781937244203
Sahibganj,Jharkhand,24.93667989690721,87.68264097938143
Saraikela Kharsawan,Jharkhand,22.855913921113682,85.89614918793507
Simdega,Jharkhand,22.60876039119805,84.59193691931536
Bagalkot,Karnataka,16.15860676328503,75.64526070853469
Bengaluru Rural,Karnataka,12.936827087794446,77.47369314775169
Bengaluru Urban,Karnataka,12.901924930747914,77.58685595567866
Belgaum,Karnataka,16.16107219152853,74.72329042357275
Bellary,Karnataka,15.074377548209373,76.47228471074374
Bidar,Karnataka,17.950361730769227,77.1945996153846
Bijapur,Karnataka,16.84015316666667,75.95909166666667
Chamrajnagar,Karnataka,11.952479999999998,77.02384959999995
Chikmagalur,Karnataka,13.42528828967642,75.67626502311249
Chitradurga,Karnataka,14.29102220394736,76.57821957236844
Dakshin Kannad,Karnataka,12.891204548174732,74.96216277678026
Davanagere,Karnataka,14.330414586709885,75.91723841166937
Dharwad,Karnataka,15.34383137697517,75.13831264108359
Gadag,Karnataka,15.507128256880744,75.64861302752298
Gulbarga,Karnataka,17.070459515951594,76.87503850385032
Hassan,Karnataka,12.945098749999998,76.11049549999997
Haveri,Karnataka,14.73758280922432,75.3961230607966
Kodagu,Karnataka,12.39684468085106,75.79336595744687
Kolar,Karnataka,13.312799881235172,78.01376947743476
Koppal,Karnataka,15.651253271028034,76.16170485981309
Mandya,Karnataka,12.574901806239744,76.81570098522172
Mysore,Karnataka,12.248100259403367,76.52881802853437
Raichur,Karnataka,16.050795353982295,76.87368606194688
Shimoga,Karnataka,14.063845885634592,75.17882078103197
Tumkur,Karnataka,13.592467760074973,77.02297966260545
Udupi,Karnataka,13.450404228534568,74.72009990316337
Uttar Kannand,Karnataka,14.538957976244204,74.35229081341112
Alappuzha,Kerala,9.542602965599087,76.38010796263319
Ernakulam,Kerala,10.004879301987431,76.26957729035381
Idukki,Kerala,9.80480963855423,77.04586641566264
Kannur,Kerala,11.941523076923056,75.35209891725934
Kasaragod,Kerala,12.33310309912974,75.07768497134369
Kollam,Kerala,8.929388820570157,76.63607758524309
Kottayam,Kerala,9.643701174068417,76.46059673302705
Kozhikode,Kerala,11.392924270557025,75.71158720159153
Malappuram,Kerala,10.973298756660721,75.93910775606876
Palakkad,Kerala,10.784926903553293,76.49980490693744
Pattanamtitta,Kerala,9.291312393162404,76.86412329059833
Thiruvananthapuram,Kerala,8.537101759082223,76.88711502868074
Thrissur,Kerala,10.458932647907687,76.12321940836945
Wayanad,Kerala,11.715277464788734,76.07587007042254
Kavaratti,Lakshadweep,10.436390526601544,72.82992744299675
Anuppur,Madhya Pradesh,23.18184220430107,81.86560000000007
Ashoknagar,Madhya Pradesh,24.630988461538447,77.82974493927135
Balaghat,Madhya Pradesh,21.80020720640569,80.42170053380795
Barwani,Madhya Pradesh,21.702135714285728,74.91004719710673
Betul,Madhya Pradesh,21.964626315789474,77.78734281891171
Bhind,Madhya Pradesh,26.35951126187245,78.7618324287653
Bhopal,Madhya Pradesh,23.48072614379085,77.39246623093679
Burhanpur,Madhya Pradesh,21.364567254408065,76.24460478589425
Chhatarpur,Madhya Pradesh,24.813637376460004,79.56449299191374
Chhindwara,Madhya Pradesh,22.227966971713823,78.76413136439255
Damoh,Madhya Pradesh,23.76624407960196,79.47049303482588
Datia,Madhya Pradesh,25.90226439560441,78.63916571428574
Dewas,Madhya Pradesh,22.7851110021322,76.46088805970156
Dhar,Madhya Pradesh,22.572681718963157,75.1105620736698
Dindori,Madhya Pradesh,22.837384370477572,81.04332966714911
East Nimar,Madhya Pradesh,22.09898560070669,76.55805503533558
Guna,Madhya Pradesh,24.490439271781558,77.2235895968791
Gwalior,Madhya Pradesh,26.040744419642852,78.12782433035713
Harda,Madhya Pradesh,22.227659781121783,77.07022571819434
Hoshangabad,Madhya Pradesh,22.595268801996703,78.02168094841929
Indore,Madhya Pradesh,22.680265752128648,75.9133801324502
Jabalpur,Madhya Pradesh,23.18525572327043,79.98328754716981
Jhabua,Madhya Pradesh,22.419578015397764,74.4092161676647
Katni,Madhya Pradesh,23.724416229116937,80.33819665871127
Mandla,Madhya Pradesh,22.70348712446353,80.38600543633753
Mandsaur,Madhya Pradesh,24.192787640449442,75.43588667736759
Morena,Madhya Pradesh,26.37313504531724,77.88447341389724
Narsinghpur,Madhya Pradesh,22.951344683026594,79.00202423312899
Neemuch,Madhya Pradesh,24.703118933333357,75.06608186666664
Panna,Madhya Pradesh,24.451325840092654,80.21133001158752
Raisen,Madhya Pradesh,23.292518206521727,78.16305495923909
Rajgarh,Madhya Pradesh,23.785499026425587,76.66431223922115
Ratlam,Madhya Pradesh,23.503562290502792,75.14895782122909
Rewa,Madhya Pradesh,24.861184625158852,81.57572465057183
Sagar,Madhya Pradesh,23.800318709677374,78.71940357771274
Satna,Madhya Pradesh,24.62777621776502,80.75547048710598
Sehore,Madhya Pradesh,22.929719967965802,77.06780202883084
Seoni,Madhya Pradesh,22.33230487804874,79.66053863928111
Shahdol,Madhya Pradesh,23.448598645598192,81.4596831828442
Shajapur,Madhya Pradesh,23.56662031722055,76.33555181268885
Sheopur,Madhya Pradesh,25.78014810996563,77.16911116838484
Shivpuri,Madhya Pradesh,25.378024518743672,77.74861600810549
Sidhi,Madhya Pradesh,24.17547189952905,82.1053783359498
Tikamgarh,Madhya Pradesh,25.14099852104666,78.89357064846428
Ujjain,Madhya Pradesh,23.319288862745065,75.80383717647058
Umaria,Madhya Pradesh,23.59601063063061,80.90879477477475
Vidisha,Madhya Pradesh,23.82838307984792,77.9013507604563
West Nimar,Madhya Pradesh,22.027140000000013,75.87343742489269
Ahmednagar,Maharashtra,19.21759903201788,74.69220260610572
Akola,Maharashtra,20.746310479041906,77.12122320359276
Amravati,Maharashtra,21.165209918107358,77.67583503184724
Aurangabad,Maharashtra,20.0979228832952,75.32072196796334
Bhandara,Maharashtra,21.211792649727744,80.10950199637023
Bid,Maharashtra,18.952353340080982,75.69319706477732
Buldana,Maharashtra,20.56680611183355,76.39017880364095
Chandrapur,Maharashtra,20.095609090909072,79.31556380471388
Dhule,Maharashtra,21.274018690400514,74.58719071837263
Garhchiroli,Maharashtra,19.79554609665428,80.30965563816602
Gondiya,Maharashtra,21.225008411214997,80.17522698598128
Greater Bombay,Maharashtra,19.085069788026964,72.84261961332419
Hingoli,Maharashtra,19.59525302245251,77.09239412780653
Jalgaon,Maharashtra,20.8828943415638,75.55140421810695
Jalna,Maharashtra,19.984612534818933,75.98473607242339
Kolhapur,Maharashtra,16.44881301587301,74.12897150793648
Latur,Maharashtra,18.348687268993853,76.75812607802874
Nagpur,Maharashtra,21.196556862745105,79.02166176470584
Nanded,Maharashtra,19.209316983017,77.6829048951049
Nandurbar,Maharashtra,21.523175625248147,74.32638757443429
Nashik,Maharashtra,20.266912871287147,74.03824168316828
Osmanabad,Maharashtra,18.19459456066944,75.9949557531381
Parbhani,Maharashtra,19.31032425249168,76.70163338870431
Pune,Maharashtra,18.51696171428573,74.12922881632646
Raigarh,Maharashtra,18.453257637845976,73.00906094185791
Ratnagiri,Maharashtra,17.210195070127703,73.25725893866405
Sangli,Maharashtra,17.154930181086502,74.70713822937628
Satara,Maharashtra,17.6737908974359,74.18052064102558
Sindhudurg,Maharashtra,16.170948049777163,73.51329008172344
Solapur,Maharashtra,17.837357937584812,75.42394823609216
Thane,Maharashtra,19.698767747440268,72.79882742564581
Wardha,Maharashtra,20.80743024390242,78.57259105691062
Washim,Maharashtra,20.282282394366213,77.25502394366208
Yavatmal,Maharashtra,20.04258346738159,78.05326371760479
Bishnupur,Manipur,24.507121118012428,93.8246236024845
Chandel,Manipur,24.2635812987013,94.09443844155844
Churachandpur,Manipur,24.30309718875504,93.38671506024085
East Imphal,Manipur,24.821058072289173,93.66951204819269
Senapati,Manipur,25.08465586034914,94.03366234413956
Tamenglong,Manipur,24.98312942238265,93.49450740072204
Thoubal,Manipur,24.545392553191494,93.97959893617023
Ukhrul,Manipur,25.05900314960629,94.44129566929138
West Imphal,Manipur,24.794005586592174,93.88859050279328
East Garo Hills,Meghalaya,25.82728228228228,90.64684924924916
East Khasi Hills,Meghalaya,25.303763888888888,91.75922519841272
Jaintia Hills,Meghalaya,25.339595570698442,92.376081601363
Ri-Bhoi,Meghalaya,25.897066004414985,91.84516158940392
South Garo Hills,Meghalaya,25.24056857855361,90.64560349127176
West Garo Hills,Meghalaya,25.495285185185185,90.03709947089943
West Khasi Hills,Meghalaya,25.50088992673993,91.25364542124538
Aizawl,Mizoram,23.90781335453101,92.85359459459472
Champhai,Mizoram,23.541665809768663,93.24221799485862
Kolasib,Mizoram,24.2020004347826,92.73470391304348
Lawngtlai,Mizoram,22.36102843137253,92.66964156862751
Lunglei,Mizoram,23.007717036172675,92.63512555425892
Mamit,Mizoram,23.73852942502819,92.4330803833147
Saiha,Mizoram,22.35744801061008,93.02827931034487
Serchhip,Mizoram,23.263864705882344,92.914158496732
Dimapur,Nagaland,25.81417681159423,93.75074057971014
Kohima,Nagaland,25.603114285714284,93.78600657596373
Mokokchung,Nagaland,26.47891176470589,94.52242600619199
Mon,Nagaland,26.692073743016763,95.03072988826828
Phek,Nagaland,25.632729865771818,94.56814563758392
Tuensang,Nagaland,26.211044532803157,94.85809880715708
Wokha,Nagaland,26.20261155115511,94.1990815181518
Zunheboto,Nagaland,26.028178205128214,94.50026666666668
Angul,Odisha,21.120706197654947,84.99839212730329
Baleshwar,Odisha,21.48570932311624,87.08085828011933
Baragarh,Odisha,21.13240637931036,83.26444499999991
Bhadrak,Odisha,20.95262735257214,86.81496204516931
Bolangir,Odisha,20.61630029850745,83.21520059701498
Boudh,Odisha,20.583190740740726,84.12363306878305
Cuttack,Odisha,20.407640646029623,85.7776810228802
Deogarh,Odisha,21.43146201550388,84.81452480620163
Dhenkanal,Odisha,20.79887159353349,85.53226836027711
Gajapati,Odisha,19.121080882352945,84.14015091911759
Ganjam,Odisha,19.263261756453396,84.802977104377
Jagatsinghpur,Odisha,20.114443183609136,86.43265258733919
Jajpur,Odisha,20.85324909420291,86.15277300724634
Jharsuguda,Odisha,21.827058566978184,83.93581682242987
Kalahandi,Odisha,19.784253092783523,83.1124043814433
Kandhamal,Odisha,20.092878624813146,84.02216352765326
Kendrapara,Odisha,20.606319815982264,86.83763247572003
Keonjhar,Odisha,21.492257402597374,85.76276987012994
Khordha,Odisha,20.054162322274863,85.5223483412323
Koraput,Odisha,18.82627794779476,82.81278469846964
Malkangiri,Odisha,18.252279303675056,81.98293636363628
Mayurbhanj,Odisha,21.89762154515775,86.4030408052231
Nabarangpur,Odisha,19.513047166921908,82.4204196018377
Nayagarh,Odisha,20.192895622119817,85.05614700460825
Nuapada,Odisha,20.471309512195113,82.59152536585364
Puri,Odisha,19.83509174603177,85.86698989898981
Rayagada,Odisha,19.292840020060204,83.45860120361095
Sambalpur,Odisha,21.515752380952385,84.34958483245157
Sonepur,Odisha,20.89080329341317,83.76852634730537
Sundargarh,Odisha,22.063548192771073,84.50524819277099
Karaikal,Puducherry,10.876161726078813,79.82369793621001
Mahe,Puducherry,12.006420793787758,75.28275021570327
Puducherry,Puducherry,11.887806269592495,79.79710961337521
Yanam,Puducherry,16.707695652173907,82.26187304347832
Amritsar,Punjab,31.548679820627772,74.79883856502238
Bathinda,Punjab,30.190524611973352,75.05685898004437
Faridkot,Punjab,30.591187250996022,74.79751553784862
Fatehgarh Sahib,Punjab,30.64290947368421,76.36208394736842
Firozpur,Punjab,30.634075352112692,74.40245732394365
Gurdaspur,Punjab,32.04283371212125,75.3204064393939
Hoshiarpur,Punjab,31.551571698113193,75.8469857442349
Jalandhar,Punjab,31.25033690721651,75.54400350515463
Kapurthala,Punjab,31.336592638036837,75.47641165644177
Ludhiana,Punjab,30.76596397379912,75.83110851528383
Mansa,Punjab,29.919547714285727,75.4304922857143
Moga,Punjab,30.756540067340065,75.16008451178449
Muktsar,Punjab,30.31243303303303,74.5518747747748
Shahid Bhagat Singh Nagar,Punjab,31.133445454545434,76.10192436363641
Patiala,Punjab,30.214540380693364,76.27505893949697
Rupnagar,Punjab,30.91093733075435,76.53743500967127
Sangrur,Punjab,30.185045204336895,75.89437014178496
Ajmer,Rajasthan,26.199300378787907,74.6990419191919
Alwar,Rajasthan,27.55271738035265,76.65359630562563
Banswara,Rajasthan,23.453642032967014,74.44246868131869
Baran,Rajasthan,24.98023243243244,76.86210651828291
Barmer,Rajasthan,25.77070908045978,71.50297126436782
Bharatpur,Rajasthan,27.32411858037578,77.21752077244258
Bhilwara,Rajasthan,25.45119767759564,74.63947595628417
Bikaner,Rajasthan,28.124890683229808,73.2694332298137
Bundi,Rajasthan,25.48580716049379,75.79984074074079
Chittaurgarh,Rajasthan,24.631623761665463,74.80010997846381
Churu,Rajasthan,28.29330375536484,74.65846427038629
Dausa,Rajasthan,26.912348176291808,76.57342097264443
Dhaulpur,Rajasthan,26.72397054945053,77.74476219780222
Dungarpur,Rajasthan,23.75104807692308,73.84765641025645
Ganganagar,Rajasthan,29.256785412667966,73.56192303262948
Hanumangarh,Rajasthan,29.181335179153105,74.74632573289902
Jaipur,Rajasthan,27.03345929018789,75.77117286012533
Jaisalmer,Rajasthan,26.86900838548185,71.18371877346682
Jalor,Rajasthan,25.07578093797277,72.18647261724662
Jhalawar,Rajasthan,24.247255414746572,76.11242891705066
Jhunjhunun,Rajasthan,28.135174012474014,75.52840893970894
Jodhpur,Rajasthan,26.678460838536967,73.00450847457628
Karauli,Rajasthan,26.51901555555556,76.96081818181815
Kota,Rajasthan,25.17571808000001,76.18618928000002
Nagaur,Rajasthan,27.078620160481464,74.14215667001012
Pali,Rajasthan,25.80490393541874,73.55285640766905
Rajsamand,Rajasthan,25.248947674418588,73.96570215946844
Sawai Madhopur,Rajasthan,26.251081180223288,76.4219283891548
Sikar,Rajasthan,27.646440586419764,75.29317422839503
Sirohi,Rajasthan,24.797690526315797,72.75309131578945
Tonk,Rajasthan,26.15393507170793,75.79192216427637
Udaipur,Rajasthan,24.440767521367487,73.84029839743584
East,Sikkim,27.29600352941175,88.74908392156858
North Sikkim,Sikkim,27.813810047095732,88.54200565149138
South Sikkim,Sikkim,27.27802162162161,88.37538594594595
West Sikkim,Sikkim,27.3359816,88.15801200000006
Ariyalur,Tamil Nadu,11.190514836795256,79.22249643916912
Chennai,Tamil Nadu,13.058098905608746,80.28139151846807
Coimbatore,Tamil Nadu,10.871376995940453,77.0761901217862
Cuddalore,Tamil Nadu,11.57587300613498,79.63002365371497
Dharmapuri,Tamil Nadu,12.300141200000004,78.11509813333339
Dindigul,Tamil Nadu,10.377801390820574,77.78011279554937
Erode,Tamil Nadu,11.267012155963302,77.42034334862393
Kancheepuram,Tamil Nadu,12.496424756511884,80.08820360135913
Kanniyakumari,Tamil Nadu,8.183466300191206,77.32053064053537
Karur,Tamil Nadu,10.79532776617955,78.08749686847605
Madurai,Tamil Nadu,9.904313833333333,78.0136603333333
Nagapattinam,Tamil Nadu,10.789468161718288,79.79437299431483
Namakkal,Tamil Nadu,11.33766638477801,78.14624841437633
Nilgiris,Tamil Nadu,11.442361661341858,76.6614642172524
Perambalur,Tamil Nadu,11.260137758112096,78.86034011799416
Pudukkottai,Tamil Nadu,10.130514816433578,79.05444484265728
Ramanathapuram,Tamil Nadu,9.31286995153476,78.99185362412462
Salem,Tamil Nadu,11.629324202127654,78.2478257978723
Sivaganga,Tamil Nadu,9.960306580645158,78.56535729032254
Thanjavur,Tamil Nadu,10.387692255892237,79.3194869107745
Theni,Tamil Nadu,9.924066666666667,77.43458833333331
Thiruvallur,Tamil Nadu,13.275858101752885,80.19724702864492
Thiruvarur,Tamil Nadu,10.368927409395976,79.60322893959726
Thoothukudi,Tamil Nadu,8.720961169702786,78.13832690955552
Tiruchchirappalli,Tamil Nadu,10.837841323210409,78.54729002169195
Tirunelveli Kattabo,Tamil Nadu,8.45743070382616,77.70549636277762
Tiruvannamalai,Tamil Nadu,12.419318947368414,79.23265631578953
Vellore,Tamil Nadu,12.78488263229308,79.02643283582084
Villupuram,Tamil Nadu,12.065571352676752,79.6898910093992
Virudhunagar,Tamil Nadu,9.468872195892564,77.87641469194315
Dhalai,Tripura,23.781360477941163,91.94654283088232
North Tripura,Tripura,24.121739755351683,92.17842538226292
South Tripura,Tripura,23.211874098057386,91.6065807585568
West Tripura,Tripura,23.780166241299334,91.41310788863107
Agra,Uttar Pradesh,26.995129749103928,78.05278291517321
Aligarh,Uttar Pradesh,27.937485768500927,78.00146831119557
Prayagraj,Uttar Pradesh,25.392038662316445,82.05172446982063
Ambedkar Nagar,Uttar Pradesh,26.39119025974028,82.68282142857147
Auraiya,Uttar Pradesh,26.668923940149607,79.42637057356606
Azamgarh,Uttar Pradesh,26.008290954773837,83.01220251256285
Badaun,Uttar Pradesh,28.085956727272716,78.99710800000005
Baghpat,Uttar Pradesh,29.04579349999999,77.30266300000002
Bahraich,Uttar Pradesh,27.69177630057803,81.46779783237004
Ballia,Uttar Pradesh,25.86075638297873,84.03651978723408
Balrampur,Uttar Pradesh,27.449076537911324,82.47158326180256
Banda,Uttar Pradesh,25.351885902503284,80.52487391304344
Bara Banki,Uttar Pradesh,26.922777025232424,81.35762350597606
Bareilly,Uttar Pradesh,28.51101940789474,79.43187072368416
Basti,Uttar Pradesh,26.83388045454545,82.69790590909092
Bijnor,Uttar Pradesh,29.313974259681096,78.45098815489754
Bulandshahr,Uttar Pradesh,28.34875862068968,78.01082758620684
Chandauli,Uttar Pradesh,25.1180859611231,83.25307062634984
Chitrakoot,Uttar Pradesh,25.159924623803,81.07666087551297
Deoria,Uttar Pradesh,26.42218856548857,83.82440706860709
Etah,Uttar Pradesh,27.591155309734443,78.70021858407083
Etawah,Uttar Pradesh,26.788176701570677,79.07621806282728
Faizabad,Uttar Pradesh,26.60589185185181,82.00783530864202
Farrukhabad,Uttar Pradesh,27.45063297872342,79.44062845744679
Fatehpur,Uttar Pradesh,25.8374362030905,80.8541620309051
Firozabad,Uttar Pradesh,27.20963993055552,78.42660624999998
Gautam Buddha Nagar,Uttar Pradesh,28.393311038961034,77.52462467532466
Ghaziabad,Uttar Pradesh,28.749973085846854,77.67441879350343
Ghazipur,Uttar Pradesh,25.624724775583488,83.5360854578097
Gonda,Uttar Pradesh,27.157215552099505,82.0226888024882
Gorakhpur,Uttar Pradesh,26.633158867924518,83.35495603773579
Hamirpur,Uttar Pradesh,25.738158381502892,79.82619479768789
Hardoi,Uttar Pradesh,27.337409090909137,80.26411767676768
Hathras,Uttar Pradesh,27.57814661246612,78.18251084010845
Jalaun,Uttar Pradesh,26.06795458715599,79.36686911314993
Jaunpur,Uttar Pradesh,25.70141280913127,82.54315351934063
Jhansi,Uttar Pradesh,25.45581535234902,78.89954580536917
Jyotiba Phule Nagar,Uttar Pradesh,28.870498984771594,78.39009365482241
Kannauj,Uttar Pradesh,26.993988617886185,79.64437940379408
Kanpur Dehat,Uttar Pradesh,26.43047641196011,79.98710083056478
Kanpur,Uttar Pradesh,26.3704693548387,80.29251572580651
Kaushambi,Uttar Pradesh,25.53587532051282,81.41811282051287
Kushinagar,Uttar Pradesh,26.892530675909864,83.92261542461006
Lakhimpur Kheri,Uttar Pradesh,28.091854006243462,80.64732466181073
Lalitpur,Uttar Pradesh,24.58877161016945,78.60082330508473
Lucknow,Uttar Pradesh,26.838233589251466,80.89706026871404
Maharajganj,Uttar Pradesh,27.177099107142887,83.46127857142869
Mahoba,Uttar Pradesh,25.34529670138888,79.67863003472216
Mainpuri,Uttar Pradesh,27.17386862302482,79.03501851015807
Mathura,Uttar Pradesh,27.593904328018212,77.62153416856502
Mau,Uttar Pradesh,26.01082203791469,83.50582654028433
Meerut,Uttar Pradesh,29.029576256983233,77.80611005586594
Mirzapur,Uttar Pradesh,25.10207959183675,82.60126628571429
Moradabad,Uttar Pradesh,28.851770406189537,78.73580193423598
Muzaffarnagar,Uttar Pradesh,29.470507977736567,77.64017847866424
Pilibhit,Uttar Pradesh,28.520241750358682,79.90103974175037
Pratapgarh,Uttar Pradesh,25.864842731707316,81.93530048780492
Rae Bareli,Uttar Pradesh,26.25390284005979,81.22260463378181
Rampur,Uttar Pradesh,28.83244727272725,79.10977333333338
Saharanpur,Uttar Pradesh,30.03381165217392,77.59905147826096
Sant Kabir Nagar,Uttar Pradesh,26.791596516393447,83.0387764344262
Sant Ravi Das Nagar,Uttar Pradesh,25.364578743068442,82.43494990757857
Shahjahanpur,Uttar Pradesh,27.991389350649328,79.8302275324675
Shravasti,Uttar Pradesh,27.60491787709497,81.79319776536312
Siddharth Nagar,Uttar Pradesh,27.20738483920372,82.78664992343035
Sitapur,Uttar Pradesh,27.50199596309111,80.85288881199547
Sonbhadra,Uttar Pradesh,24.46693268858798,83.06816324951639
Sultanpur,Uttar Pradesh,26.284638641975302,82.05710456790123
Unnao,Uttar Pradesh,26.63163990895297,80.636773292868
Varanasi,Uttar Pradesh,25.360570888888887,82.82529666666672
Almora,Uttarakhand,29.683532133676106,79.50165064267351
Bageshwar,Uttarakhand,29.98703393393397,79.83954354354356
Chamoli,Uttarakhand,30.58338611464965,79.56281095541402
Champawat,Uttarakhand,29.29142393939393,80.07720212121217
Dehra Dun,Uttarakhand,30.533333414932734,77.90884124847
Haridwar,Uttarakhand,29.88605765765764,77.92980067567574
Naini Tal,Uttarakhand,29.33637052896723,79.49979118387908
Pauri Garhwal,Uttarakhand,29.978067551020413,78.77450163265311
Pithoragarh,Uttarakhand,30.147206318681288,80.34229230769236
Rudra Prayag,Uttarakhand,30.556577559055125,79.09422047244097
Tehri Garhwal,Uttarakhand,30.463700918635173,78.48783792650917
Udham Singh Nagar,Uttarakhand,29.02779577677222,79.45629004524896
Uttarkashi,Uttarakhand,30.968958552036234,78.56880615384617
Bankura,West Bengal,23.081280892857155,87.12640053571438
Barddhaman,West Bengal,23.444453888888887,87.81505811111109
Birbhum,West Bengal,24.06389342723,87.65153089201887
Dakshin Dinajpur,West Bengal,25.342094363021435,88.69821679819614
Darjiling,West Bengal,26.839619571045585,88.33145067024122
East Midnapore,West Bengal,21.99199725480997,87.92280825903342
Haora,West Bengal,22.401674174428507,87.99421176968654
Hugli,West Bengal,22.879292647058808,88.00010264705891
Jalpaiguri,West Bengal,26.626420312500038,89.04154375000005
Kochbihar,West Bengal,26.25051611030475,89.30613826802143
Kolkata,West Bengal,22.550581481481487,88.35276481481479
Maldah,West Bengal,25.080268025751053,88.17191684549357
Murshidabad,West Bengal,24.25950655391121,88.1681686046512
Nadia,West Bengal,23.56410971055088,88.58293034547151
North 24 Parganas,West Bengal,22.06238845067688,88.87793960802345
Puruliya,West Bengal,23.254192328767108,86.3968532876713
South 24 Parganas,West Bengal,21.854427507266067,88.44536970827778
Uttar Dinajpur,West Bengal,26.044619165196977,88.23595232216337
West Midnapore,West Bengal,22.354896919691964,87.23101441144127
Agar Malwa,Madhya Pradesh,23.5511,76.0658
Ahmedabad,Gujarat,22.9032,72.5769
Alipurduar,West Bengal,26.5233,89.1455
Alirajpur,Madhya Pradesh,22.2882,74.40180000000001
Amethi,Uttar Pradesh,26.16655,81.95975
Amroha,Uttar Pradesh,28.9077,78.477
Anantnag,Jammu and Kashmir,33.8719,74.97890000000001
Arwal,Bihar,25.1616,84.6959
Ayodhya,Uttar Pradesh,25.8595,82.3201
Balangir,Odisha,20.71895,83.2152
Balasore,Odisha,21.4441,86.11009999999999
Ballari,Karnataka,15.0832,76.5334
Banaskantha,Gujarat,24.1456,72.2122
Bandipora,Jammu and Kashmir,34.2952,74.5267
Barabanki,Uttar Pradesh,26.9386,81.3274
Baramulla,Jammu and Kashmir,34.1459,74.5238
Bargarh,Odisha,21.2445,83.551
Barnala,Punjab,30.428,75.4602
Beed,Maharashtra,19.0028,76.18795
Belagavi,Karnataka,15.8884,75.0146
Bhadohi,Uttar Pradesh,25.44565,82.42045
Botad,Gujarat,22.5464,71.2849
Budaun,Uttar Pradesh,28.1042,78.9689
Budgam,Jammu and Kashmir,33.89,74.6725
Buldhana,Maharashtra,20.5111,76.4083
Chamarajanagara,Karnataka,12.0178,76.9294
Charkhi Dadri,Haryana,28.6083,76.24029999999999
Chengalpattu,Tamil Nadu,12.643650000000001,79.95855
Chikkamagaluru,Karnataka,13.4338,75.6913
Chittorgarh,Rajasthan,24.9405,74.7421
Cooch Behar,West Bengal,26.1353,89.13470000000001
Dakshina Kannada,Karnataka,12.8703,75.1873
Dang,Gujarat,20.7322,73.7154
Darjeeling,West Bengal,27.0295,88.2618
Dehradun,Uttarakhand,30.4162,78.0035
Dholpur,Rajasthan,26.7588,77.65115
Diu,Dadra and Nagar Haveli and Daman and Diu,20.82865,71.03225
East Champaran,Bihar,26.5759,84.8637
East Singhbhum,Jharkhand,23.1667,86.2767
Fazilka,Punjab,30.4841,74.6654
Ferozepur,Punjab,30.88355,74.77005
Gadchiroli,Maharashtra,19.9619,79.9866
Ganderbal,Jammu and Kashmir,34.2947,75.2
Gir Somnath,Gujarat,21.7402,70.6908
Gondia,Maharashtra,21.19,80.1214
Hapur,Uttar Pradesh,28.6496,77.6956
Hazaribagh,Jharkhand,24.0078,85.2837
Hnahthial,Mizoram,22.9403,92.9651
Hooghly,West Bengal,22.9115,88.1269
Howrah,West Bengal,22.6303,88.1398
Jalore,Rajasthan,25.1977,72.8598
Jhargram,West Bengal,22.5813,86.9541
Jhunjhunu,Rajasthan,28.115,75.2621
Kalaburagi,Karnataka,17.2505,76.8471
Kalimpong,West Bengal,27.086,88.5287
Kallakurichi,Tamil Nadu,11.6724,78.8768
Kanpur Nagar,Uttar Pradesh,26.418000000000003,80.3155
Kanyakumari,Tamil Nadu,8.3069,77.3489
Kasganj,Uttar Pradesh,27.52005,78.7132
Kendujhar,Odisha,21.48725,85.5392
Khandwa,Madhya Pradesh,22.09905,76.54554999999999
Khargone,Madhya Pradesh,21.8188,75.6666
Khawzawl,Mizoram,23.5044,93.1602
Khowai,Tripura,24.0796,91.5997
Khunti,Jharkhand,23.00175,84.58869999999999
Kiphire,Nagaland,26.4339,94.7678
Kishtwar,Jammu and Kashmir,33.1394,75.6918
Krishnagiri,Tamil Nadu,12.549900000000001,78.1422
Kulgam,Jammu and Kashmir,34.1151,74.8647
Kupwara,Jammu and Kashmir,34.455999999999996,74.3325
Longding,Arunachal Pradesh,27.0217,95.5368
Longleng,Nagaland,26.4794,94.8107
Malda,West Bengal,25.0957,87.9504
Morbi,Gujarat,22.5973,70.8981
Mumbai,Maharashtra,19.0073,72.8496
Mysuru,Karnataka,12.2879,76.4478
Nabarangapur,Odisha,19.3915,82.6013
Nainital,Uttarakhand,29.401999999999997,79.5286
Namsai,Arunachal Pradesh,27.5993,96.0719
Niwari,Madhya Pradesh,24.9883,78.9467
Nuh,Haryana,28.2254,76.98089999999999
Palghar,Maharashtra,19.7244,72.8782
Palwal,Haryana,28.2474,77.2853
Paschim Bardhaman,West Bengal,23.8832,87.4873
Pathanamthitta,Kerala,9.265,76.7674
Pathankot,Punjab,32.2806,75.5963
Peren,Nagaland,25.9288,94.3486
Pratapgarh,Rajasthan,25.1052,74.53245
Purba Bardhaman,West Bengal,23.5307,87.94
Purulia,West Bengal,23.2912,86.5939
Rajouri,Jammu and Kashmir,33.3572,74.3729
Ramanagara,Karnataka,12.8014,77.16114999999999
Ramban,Jammu and Kashmir,33.313100000000006,75.2199
Ramgarh,Jharkhand,23.6307,85.57050000000001
Ranipet,Tamil Nadu,12.9474,79.317
Reasi,Jammu and Kashmir,33.337900000000005,74.75995
Rudraprayag,Uttarakhand,30.285999999999998,79.0589
Sabarkantha,Gujarat,23.599,73.141
Saitual,Mizoram,23.901999999999997,93.0008
Samba,Jammu and Kashmir,32.5361,74.8824
Sambhal,Uttar Pradesh,28.616999999999997,78.5349
Shamli,Uttar Pradesh,29.447,77.388
Shivamogga,Karnataka,14.0241,75.2686
Shrawasti,Uttar Pradesh,27.5741,81.884
Siddharthnagar,Uttar Pradesh,27.119500000000002,82.9134
Singrauli,Madhya Pradesh,24.2047,82.5148
Sonipat,Haryana,29.07125,76.8968
Subarnapur,Odisha,20.4496,85.7057
Tapi,Gujarat,21.5548,73.4178
Tarn Taran,Punjab,31.3549,74.9221
Tenkasi,Tamil Nadu,9.0807,77.542
Thoothukkudi,Tamil Nadu,8.581949999999999,78.03975
Tiruchirappalli,Tamil Nadu,10.8889,78.5704
Tirunelveli,Tamil Nadu,8.7704,77.641
Tirupathur,Tamil Nadu,12.4896,78.6146
Tiruppur,Tamil Nadu,11.0261,77.3111
Tumakuru,Karnataka,13.501,76.9477
Unokoti,Tripura,24.1597,92.0329
Uttara Kannada,Karnataka,14.5765,74.6736
Vijayapura,Karnataka,16.6972,76.123
Viluppuram,Tamil Nadu,11.9844,79.5152
Visakhapatnam,Andhra Pradesh,17.8224,82.834
West Champaran,Bihar,26.846999999999998,84.4861
West Singhbhum,Jharkhand,22.4675,85.6399
Yadgir,Karnataka,16.6514,76.9136
Yamunanagar,Haryana,30.0939,77.3216
